[
{
  "fields": {
    "model": "logentry",
    "app_label": "admin"
  },
  "model": "contenttypes.contenttype",
  "pk": 1
},
{
  "fields": {
    "model": "permission",
    "app_label": "auth"
  },
  "model": "contenttypes.contenttype",
  "pk": 2
},
{
  "fields": {
    "model": "group",
    "app_label": "auth"
  },
  "model": "contenttypes.contenttype",
  "pk": 3
},
{
  "fields": {
    "model": "user",
    "app_label": "auth"
  },
  "model": "contenttypes.contenttype",
  "pk": 4
},
{
  "fields": {
    "model": "contenttype",
    "app_label": "contenttypes"
  },
  "model": "contenttypes.contenttype",
  "pk": 5
},
{
  "fields": {
    "model": "session",
    "app_label": "sessions"
  },
  "model": "contenttypes.contenttype",
  "pk": 6
},
{
  "fields": {
    "model": "category",
    "app_label": "faq"
  },
  "model": "contenttypes.contenttype",
  "pk": 7
},
{
  "fields": {
    "model": "faq",
    "app_label": "faq"
  },
  "model": "contenttypes.contenttype",
  "pk": 8
},
{
  "fields": {
    "model": "district",
    "app_label": "register"
  },
  "model": "contenttypes.contenttype",
  "pk": 9
},
{
  "fields": {
    "model": "island",
    "app_label": "register"
  },
  "model": "contenttypes.contenttype",
  "pk": 10
},
{
  "fields": {
    "model": "person",
    "app_label": "register"
  },
  "model": "contenttypes.contenttype",
  "pk": 11
},
{
  "fields": {
    "model": "user",
    "app_label": "register"
  },
  "model": "contenttypes.contenttype",
  "pk": 12
},
{
  "fields": {
    "model": "role",
    "app_label": "register"
  },
  "model": "contenttypes.contenttype",
  "pk": 13
},
{
  "fields": {
    "model": "facility",
    "app_label": "register"
  },
  "model": "contenttypes.contenttype",
  "pk": 14
},
{
  "fields": {
    "model": "enrollment",
    "app_label": "register"
  },
  "model": "contenttypes.contenttype",
  "pk": 15
},
{
  "fields": {
    "model": "student",
    "app_label": "reportinput"
  },
  "model": "contenttypes.contenttype",
  "pk": 16
},
{
  "fields": {
    "model": "report",
    "app_label": "reportinput"
  },
  "model": "contenttypes.contenttype",
  "pk": 17
},
{
  "fields": {
    "model": "status",
    "app_label": "support"
  },
  "model": "contenttypes.contenttype",
  "pk": 18
},
{
  "fields": {
    "model": "supportrequest",
    "app_label": "support"
  },
  "model": "contenttypes.contenttype",
  "pk": 19
},
{
  "fields": {
    "expire_date": "2015-12-17T09:02:14.822Z",
    "session_data": "YWRhZjhhYjBiNWY1OTZlNDgzNWU4N2U2YWE4ODM5MGZjNjY5OWQ1Yzp7Im9ubHlwcmsiOmZhbHNlLCJ1bG5hbWUiOiJhbGwiLCJfYXV0aF91c2VyX2lkIjoiMTEiLCJoYXNwcmVrIjpmYWxzZSwiX2F1dGhfdXNlcl9iYWNrZW5kIjoiZGphbmdvLmNvbnRyaWIuYXV0aC5iYWNrZW5kcy5Nb2RlbEJhY2tlbmQiLCJsbmFtZSI6ImFsbCIsInJvbGUiOjIsImZhYyI6NCwiX2F1dGhfdXNlcl9oYXNoIjoiNzU1MDYxN2E2YWI3N2FiZTkxZTYyMzViYTQzY2YxODZkMWQ1NTA5ZiIsInBlcnNvbnBrIjoxMX0="
  },
  "model": "sessions.session",
  "pk": "119tmhk1zrff5mn7l4miey6q107jikae"
},
{
  "fields": {
    "expire_date": "2015-12-15T04:03:16.869Z",
    "session_data": "NjdiY2U3M2ViMGNhMzNjZjY1NGMzNTdhNTk4YjRiOTBjYTM5ZGU4Mzp7Im9ubHlwcmsiOmZhbHNlLCJ1bG5hbWUiOiIiLCJfYXV0aF91c2VyX2hhc2giOiI2N2FmMjg4Mzg2MDNlNGNhODk1OTIzYzZjOTBiOTVmM2Y0ODYzN2JmIiwic2Nob29sZmlsdGVyIjoiIiwiX2F1dGhfdXNlcl9pZCI6IjEiLCJzdHVkZW50cyI6MSwiaXNsYW5kIjoiYWxsIiwiaGFzcHJlayI6ZmFsc2UsIl9hdXRoX3VzZXJfYmFja2VuZCI6ImRqYW5nby5jb250cmliLmF1dGguYmFja2VuZHMuTW9kZWxCYWNrZW5kIiwicGVyc29ucGsiOjEsImxuYW1lIjoiYWxsIiwiZGlzdHJpY3QiOiJhbGwiLCJyb2xlIjoxLCJmYWMiOjEsImlucHV0aWQiOjUsInR5cGUiOjJ9"
  },
  "model": "sessions.session",
  "pk": "8nsfhilzck5twmnxm4pnid7881thy4ja"
},
{
  "fields": {
    "expire_date": "2015-12-16T00:06:19.745Z",
    "session_data": "ZWRhMTBlODgwMjk2NjYzYmJkYjZhY2NhMjM5ZGY1MDM0OGRiNjFjZDp7Im9ubHlwcmsiOmZhbHNlLCJ1bG5hbWUiOiJhbGwiLCJfYXV0aF91c2VyX2lkIjoiMTQiLCJzdHVkZW50cyI6NCwiaGFzcHJlayI6ZmFsc2UsIl9hdXRoX3VzZXJfYmFja2VuZCI6ImRqYW5nby5jb250cmliLmF1dGguYmFja2VuZHMuTW9kZWxCYWNrZW5kIiwibG5hbWUiOiJhbGwiLCJyb2xlIjozLCJ1c2VyIjoibGVpbGVodWEudXNlckB0ZXN0LmNvbSIsImZhYyI6NCwiX2F1dGhfdXNlcl9oYXNoIjoiOTRlNzBmYTlkNWY4ZGMyZGY0NWU5MGU1OTcyZGI5YWFmNmE0YzZkYyIsInBlcnNvbnBrIjoxNH0="
  },
  "model": "sessions.session",
  "pk": "jmhf0oph2o0cegurefh5lgtvu8n7iyb3"
},
{
  "fields": {
    "expire_date": "2015-12-17T01:38:11.982Z",
    "session_data": "MDQwZmUwYTQxODk2ODg0NjJmNDM0ODJkN2ZiMDU3NTg4YjQwMGIxOTp7InVzZXIiOiJ0ZXN0cHdAdGVzdC5jb20ifQ=="
  },
  "model": "sessions.session",
  "pk": "nbalw2z9o6nn55fhnzwh7tmv5zra14z0"
},
{
  "fields": {
    "expire_date": "2015-12-18T10:39:10.667Z",
    "session_data": "MjAzOTRlNjk4M2Q1ZjQ1ODYxZDYzMGQ5OWNlY2RkODNiZDg4YTNkZjp7Im9ubHlwcmsiOmZhbHNlLCJ1bG5hbWUiOiJhbGwiLCJfYXV0aF91c2VyX2lkIjoiMTEiLCJzdHVkZW50cyI6MSwidHlwZSI6NCwiaGFzcHJlayI6ZmFsc2UsIl9hdXRoX3VzZXJfYmFja2VuZCI6ImRqYW5nby5jb250cmliLmF1dGguYmFja2VuZHMuTW9kZWxCYWNrZW5kIiwibG5hbWUiOiJhbGwiLCJpbnB1dGlkIjo0LCJyb2xlIjoyLCJmYWMiOjQsIl9hdXRoX3VzZXJfaGFzaCI6Ijc1NTA2MTdhNmFiNzdhYmU5MWU2MjM1YmE0M2NmMTg2ZDFkNTUwOWYiLCJwZXJzb25wayI6MTF9"
  },
  "model": "sessions.session",
  "pk": "xdhbncxy0piwevsxhhvmss2q3unw0a4t"
},
{
  "fields": {
    "name": "Category 1"
  },
  "model": "faq.category",
  "pk": 1
},
{
  "fields": {
    "name": "Category 2"
  },
  "model": "faq.category",
  "pk": 2
},
{
  "fields": {
    "name": "Category 3"
  },
  "model": "faq.category",
  "pk": 3
},
{
  "fields": {
    "answer": "Answer to Question 1 in Category 1",
    "category": 1,
    "question": "Question in Category 1"
  },
  "model": "faq.faq",
  "pk": 1
},
{
  "fields": {
    "answer": "Answer number 2",
    "category": 1,
    "question": "Question number 2"
  },
  "model": "faq.faq",
  "pk": 2
},
{
  "fields": {
    "answer": "Yup, it sure is",
    "category": 2,
    "question": "Question 3 is in Category 2"
  },
  "model": "faq.faq",
  "pk": 3
},
{
  "fields": {
    "answer": "Aloha",
    "category": 3,
    "question": "And question 4 is in category 3"
  },
  "model": "faq.faq",
  "pk": 4
},
{
  "fields": {
    "island": "Oahu",
    "name": "Central"
  },
  "model": "register.district",
  "pk": 1
},
{
  "fields": {
    "island": "Oahu",
    "name": "Leeward"
  },
  "model": "register.district",
  "pk": 2
},
{
  "fields": {
    "island": "Oahu",
    "name": "Honolulu"
  },
  "model": "register.district",
  "pk": 3
},
{
  "fields": {
    "island": "Hawaii",
    "name": "Hawaii"
  },
  "model": "register.district",
  "pk": 4
},
{
  "fields": {
    "island": "Hawaii",
    "name": "Hilo Waiakea"
  },
  "model": "register.district",
  "pk": 5
},
{
  "fields": {
    "island": "Kauai",
    "name": "Kauai"
  },
  "model": "register.district",
  "pk": 6
},
{
  "fields": {
    "island": "Niihau",
    "name": "Kauai Niihau"
  },
  "model": "register.district",
  "pk": 7
},
{
  "fields": {
    "island": "Maui",
    "name": "Maui"
  },
  "model": "register.district",
  "pk": 8
},
{
  "fields": {
    "island": "Molokai",
    "name": "Maui Molokai"
  },
  "model": "register.district",
  "pk": 9
},
{
  "fields": {
    "island": "Oahu",
    "name": "Windward"
  },
  "model": "register.district",
  "pk": 10
},
{
  "fields": {},
  "model": "register.island",
  "pk": "Hawaii"
},
{
  "fields": {},
  "model": "register.island",
  "pk": "Kahoolawe"
},
{
  "fields": {},
  "model": "register.island",
  "pk": "Kauai"
},
{
  "fields": {},
  "model": "register.island",
  "pk": "Lanai"
},
{
  "fields": {},
  "model": "register.island",
  "pk": "Maui"
},
{
  "fields": {},
  "model": "register.island",
  "pk": "Molokai"
},
{
  "fields": {},
  "model": "register.island",
  "pk": "Niihau"
},
{
  "fields": {},
  "model": "register.island",
  "pk": "Oahu"
},
{
  "fields": {
    "fax": null,
    "verified": true,
    "title": "",
    "mname": "",
    "facility": 4,
    "lname": "Principal",
    "phone": 8081231234,
    "role": 2,
    "fname": "Test",
    "email": "testprin@test.com"
  },
  "model": "register.person",
  "pk": 11
},
{
  "fields": {
    "fax": null,
    "verified": true,
    "title": "",
    "mname": "",
    "facility": 2,
    "lname": "Admin",
    "phone": 1231231234,
    "role": 2,
    "fname": "Aiea",
    "email": "aiea.admin@test.com"
  },
  "model": "register.person",
  "pk": 12
},
{
  "fields": {
    "fax": null,
    "verified": true,
    "title": "",
    "mname": "",
    "facility": 2,
    "lname": "User",
    "phone": 1231231234,
    "role": 3,
    "fname": "Aiea",
    "email": "aiea.user@test.com"
  },
  "model": "register.person",
  "pk": 13
},
{
  "fields": {
    "fax": null,
    "verified": true,
    "title": "",
    "mname": "Mighty",
    "facility": 4,
    "lname": "Mules",
    "phone": 8086226550,
    "role": 3,
    "fname": "Leilehua",
    "email": "leilehua.admin@test.com"
  },
  "model": "register.person",
  "pk": 14
},
{
  "fields": {
    "fax": null,
    "verified": true,
    "title": "PW Checked out",
    "mname": "Did",
    "facility": 127,
    "lname": "Work",
    "phone": 1231234123,
    "role": 3,
    "fname": "This",
    "email": "testpw@test.com"
  },
  "model": "register.person",
  "pk": 15
},
{
  "fields": {
    "fax": null,
    "verified": true,
    "title": "Superuser",
    "mname": "Doh",
    "facility": 1,
    "lname": "Admin",
    "phone": 8087546834,
    "role": 1,
    "fname": "Test",
    "email": "dohadmin@test.com"
  },
  "model": "register.person",
  "pk": 16
},
{
  "fields": {
    "password": "password"
  },
  "model": "register.user",
  "pk": "aiea.admin@test.com"
},
{
  "fields": {
    "password": "password"
  },
  "model": "register.user",
  "pk": "aiea.user@test.com"
},
{
  "fields": {
    "password": "Password1"
  },
  "model": "register.user",
  "pk": "dohadmin@test.com"
},
{
  "fields": {
    "password": "password"
  },
  "model": "register.user",
  "pk": "leilehua.admin@test.com"
},
{
  "fields": {
    "password": "AIden$$1026"
  },
  "model": "register.user",
  "pk": "testprin@test.com"
},
{
  "fields": {
    "password": "PAss1234"
  },
  "model": "register.user",
  "pk": "testpw@test.com"
},
{
  "fields": {
    "name": "DoH Admin"
  },
  "model": "register.role",
  "pk": 1
},
{
  "fields": {
    "name": "School Admin"
  },
  "model": "register.role",
  "pk": 2
},
{
  "fields": {
    "name": "User"
  },
  "model": "register.role",
  "pk": 3
},
{
  "fields": {
    "kinder_enroll": 0,
    "street": "1250 Punchbowl Street",
    "city": "Honolulu",
    "zip": 96813,
    "lowest_grade": null,
    "compliant": false,
    "email": "webmail@doh.hawaii.gov",
    "fax": null,
    "is_only_pre_k": false,
    "seventh_grade_enroll": 0,
    "phone": 8085444400,
    "district": 3,
    "highest_grade": null,
    "count": 0,
    "name": "Department of Health",
    "has_pre_k": false,
    "other_enroll": 0,
    "total_enrolled": 0,
    "allimmune": false,
    "under_19_months": 0,
    "over_19_months": 0,
    "total_prek": 0
  },
  "model": "register.facility",
  "pk": 1
},
{
  "fields": {
    "kinder_enroll": 0,
    "street": "99-370 Moanalua Road",
    "city": "Aiea",
    "zip": 96701,
    "lowest_grade": 2,
    "compliant": false,
    "email": "",
    "fax": 8084837201,
    "is_only_pre_k": false,
    "seventh_grade_enroll": 0,
    "phone": 8084837200,
    "district": 1,
    "highest_grade": 8,
    "count": 1,
    "name": "Aiea Elementary",
    "has_pre_k": false,
    "other_enroll": 1205,
    "total_enrolled": 1205,
    "allimmune": false,
    "under_19_months": 0,
    "over_19_months": 0,
    "total_prek": 0
  },
  "model": "register.facility",
  "pk": 2
},
{
  "fields": {
    "kinder_enroll": 0,
    "street": "95-1200 Mehelua Parkway",
    "city": "Mililani",
    "zip": 96789,
    "lowest_grade": 11,
    "compliant": false,
    "email": "",
    "fax": 8086277375,
    "is_only_pre_k": false,
    "seventh_grade_enroll": 0,
    "phone": 8086277747,
    "district": 1,
    "highest_grade": 14,
    "count": 2,
    "name": "Miliani High",
    "has_pre_k": false,
    "other_enroll": 2854,
    "total_enrolled": 2854,
    "allimmune": false,
    "under_19_months": 0,
    "over_19_months": 0,
    "total_prek": 0
  },
  "model": "register.facility",
  "pk": 3
},
{
  "fields": {
    "kinder_enroll": 0,
    "street": "1515 California Ave",
    "city": "Wahiawa",
    "zip": 96786,
    "lowest_grade": 11,
    "compliant": false,
    "email": "",
    "fax": 8086226554,
    "is_only_pre_k": false,
    "seventh_grade_enroll": null,
    "phone": 8086226550,
    "district": 1,
    "highest_grade": 14,
    "count": 45,
    "name": "Leilehua High",
    "has_pre_k": false,
    "other_enroll": 1738,
    "total_enrolled": 1738,
    "allimmune": false,
    "under_19_months": 0,
    "over_19_months": 0,
    "total_prek": 0
  },
  "model": "register.facility",
  "pk": 4
},
{
  "fields": {
    "kinder_enroll": 15,
    "street": "222 Desha Avenue",
    "city": "Hilo",
    "zip": 96720,
    "lowest_grade": 2,
    "compliant": false,
    "email": "",
    "fax": 8089333488,
    "is_only_pre_k": false,
    "seventh_grade_enroll": 0,
    "phone": 8089333482,
    "district": 4,
    "highest_grade": 14,
    "count": 4,
    "name": "Ka 'Umeke Ka'eo PCS",
    "has_pre_k": true,
    "other_enroll": 70,
    "total_enrolled": 85,
    "allimmune": false,
    "under_19_months": 11,
    "over_19_months": 15,
    "total_prek": 26
  },
  "model": "register.facility",
  "pk": 5
},
{
  "fields": {
    "kinder_enroll": 12,
    "street": "32-2065 Old Mamalahoa Highway",
    "city": "Laupahoehoe",
    "zip": 96764,
    "lowest_grade": 2,
    "compliant": false,
    "email": "",
    "fax": 8089622202,
    "is_only_pre_k": false,
    "seventh_grade_enroll": 0,
    "phone": 8089622200,
    "district": 4,
    "highest_grade": 14,
    "count": 10,
    "name": "Laupahoehoe Community - PCS",
    "has_pre_k": true,
    "other_enroll": 92,
    "total_enrolled": 104,
    "allimmune": false,
    "under_19_months": 22,
    "over_19_months": 12,
    "total_prek": 34
  },
  "model": "register.facility",
  "pk": 6
},
{
  "fields": {
    "kinder_enroll": 0,
    "street": "801 West Hind Drive",
    "city": "Honolulu",
    "zip": 96821,
    "lowest_grade": 2,
    "compliant": false,
    "email": null,
    "fax": 8083772426,
    "is_only_pre_k": false,
    "seventh_grade_enroll": 0,
    "phone": 8083772419,
    "district": 3,
    "highest_grade": 7,
    "count": 0,
    "name": "Aina Haina Elementary",
    "has_pre_k": false,
    "other_enroll": 0,
    "total_enrolled": 0,
    "allimmune": false,
    "under_19_months": 0,
    "over_19_months": 0,
    "total_prek": 0
  },
  "model": "register.facility",
  "pk": 7
},
{
  "fields": {
    "kinder_enroll": 0,
    "street": "503 Kamoku Street",
    "city": "Honolulu",
    "zip": 96826,
    "lowest_grade": 2,
    "compliant": false,
    "email": null,
    "fax": 8089730081,
    "is_only_pre_k": false,
    "seventh_grade_enroll": 0,
    "phone": 8089730070,
    "district": 3,
    "highest_grade": 7,
    "count": 0,
    "name": "Ala Wai Elementary",
    "has_pre_k": false,
    "other_enroll": 0,
    "total_enrolled": 0,
    "allimmune": false,
    "under_19_months": 0,
    "over_19_months": 0,
    "total_prek": 0
  },
  "model": "register.facility",
  "pk": 8
},
{
  "fields": {
    "kinder_enroll": 0,
    "street": "1240 7th Avenue",
    "city": "Honolulu",
    "zip": 96816,
    "lowest_grade": 2,
    "compliant": false,
    "email": null,
    "fax": 8087334758,
    "is_only_pre_k": false,
    "seventh_grade_enroll": 0,
    "phone": 8087334750,
    "district": 3,
    "highest_grade": 7,
    "count": 0,
    "name": "Aliiolani Elementary",
    "has_pre_k": false,
    "other_enroll": 0,
    "total_enrolled": 0,
    "allimmune": false,
    "under_19_months": 0,
    "over_19_months": 0,
    "total_prek": 0
  },
  "model": "register.facility",
  "pk": 9
},
{
  "fields": {
    "kinder_enroll": 0,
    "street": "2528 10th Avenue",
    "city": "Honolulu",
    "zip": 96816,
    "lowest_grade": 2,
    "compliant": false,
    "email": null,
    "fax": 8087338467,
    "is_only_pre_k": false,
    "seventh_grade_enroll": 0,
    "phone": 8087338465,
    "district": 3,
    "highest_grade": 14,
    "count": 0,
    "name": "Kula Kaiapuni O Anuenue",
    "has_pre_k": false,
    "other_enroll": 0,
    "total_enrolled": 0,
    "allimmune": false,
    "under_19_months": 0,
    "over_19_months": 0,
    "total_prek": 0
  },
  "model": "register.facility",
  "pk": 10
},
{
  "fields": {
    "kinder_enroll": 0,
    "street": "1302 Queen Emma Street",
    "city": "Honolulu",
    "zip": 96813,
    "lowest_grade": 8,
    "compliant": false,
    "email": null,
    "fax": 8085874409,
    "is_only_pre_k": false,
    "seventh_grade_enroll": 0,
    "phone": 8085874400,
    "district": 3,
    "highest_grade": 10,
    "count": 0,
    "name": "Central Middle",
    "has_pre_k": false,
    "other_enroll": 0,
    "total_enrolled": 0,
    "allimmune": false,
    "under_19_months": 0,
    "over_19_months": 0,
    "total_prek": 0
  },
  "model": "register.facility",
  "pk": 11
},
{
  "fields": {
    "kinder_enroll": 0,
    "street": "1803 Kamehameha IV Road",
    "city": "Honolulu",
    "zip": 96819,
    "lowest_grade": 8,
    "compliant": false,
    "email": null,
    "fax": 8088323349,
    "is_only_pre_k": false,
    "seventh_grade_enroll": 0,
    "phone": 8088323340,
    "district": 3,
    "highest_grade": 10,
    "count": 0,
    "name": "Sanford B. Dole Middle",
    "has_pre_k": false,
    "other_enroll": 0,
    "total_enrolled": 0,
    "allimmune": false,
    "under_19_months": 0,
    "over_19_months": 0,
    "total_prek": 0
  },
  "model": "register.facility",
  "pk": 12
},
{
  "fields": {
    "kinder_enroll": 0,
    "street": "1564 North King Street",
    "city": "Honolulu",
    "zip": 96817,
    "lowest_grade": 11,
    "compliant": false,
    "email": null,
    "fax": 8088323587,
    "is_only_pre_k": false,
    "seventh_grade_enroll": 0,
    "phone": 8088323600,
    "district": 3,
    "highest_grade": 14,
    "count": 0,
    "name": "Wallace Rider Farrington High",
    "has_pre_k": false,
    "other_enroll": 0,
    "total_enrolled": 0,
    "allimmune": false,
    "under_19_months": 0,
    "over_19_months": 0,
    "total_prek": 0
  },
  "model": "register.facility",
  "pk": 13
},
{
  "fields": {
    "kinder_enroll": 0,
    "street": "1121 Middle Street",
    "city": "Honolulu",
    "zip": 96819,
    "lowest_grade": 2,
    "compliant": false,
    "email": null,
    "fax": 8088323043,
    "is_only_pre_k": false,
    "seventh_grade_enroll": 0,
    "phone": 8088323040,
    "district": 3,
    "highest_grade": 7,
    "count": 0,
    "name": "Joseph J. Fern Elementary",
    "has_pre_k": false,
    "other_enroll": 0,
    "total_enrolled": 0,
    "allimmune": false,
    "under_19_months": 0,
    "over_19_months": 0,
    "total_prek": 0
  },
  "model": "register.facility",
  "pk": 14
},
{
  "fields": {
    "kinder_enroll": 0,
    "street": "595 Pepeekeo Street",
    "city": "Honolulu",
    "zip": 96825,
    "lowest_grade": 2,
    "compliant": false,
    "email": null,
    "fax": 8083975827,
    "is_only_pre_k": false,
    "seventh_grade_enroll": 0,
    "phone": 8083975822,
    "district": 3,
    "highest_grade": 7,
    "count": 0,
    "name": "Hahaione Elementary",
    "has_pre_k": false,
    "other_enroll": 0,
    "total_enrolled": 0,
    "allimmune": false,
    "under_19_months": 0,
    "over_19_months": 0,
    "total_prek": 0
  },
  "model": "register.facility",
  "pk": 15
},
{
  "fields": {
    "kinder_enroll": 0,
    "street": "2940 Kamakini Street",
    "city": "Honolulu",
    "zip": 96816,
    "lowest_grade": 2,
    "compliant": false,
    "email": null,
    "fax": 8087334792,
    "is_only_pre_k": false,
    "seventh_grade_enroll": 0,
    "phone": 8087334789,
    "district": 3,
    "highest_grade": 7,
    "count": 0,
    "name": "Hokulani Elementary",
    "has_pre_k": false,
    "other_enroll": 0,
    "total_enrolled": 0,
    "allimmune": false,
    "under_19_months": 0,
    "over_19_months": 0,
    "total_prek": 0
  },
  "model": "register.facility",
  "pk": 16
},
{
  "fields": {
    "kinder_enroll": 0,
    "street": "1903 Palolo Avenue",
    "city": "Honolulu",
    "zip": 96816,
    "lowest_grade": 8,
    "compliant": false,
    "email": null,
    "fax": 8087334894,
    "is_only_pre_k": false,
    "seventh_grade_enroll": 0,
    "phone": 8087334888,
    "district": 3,
    "highest_grade": 10,
    "count": 0,
    "name": "William P. Jarrett Middle",
    "has_pre_k": false,
    "other_enroll": 0,
    "total_enrolled": 0,
    "allimmune": false,
    "under_19_months": 0,
    "over_19_months": 0,
    "total_prek": 0
  },
  "model": "register.facility",
  "pk": 17
},
{
  "fields": {
    "kinder_enroll": 0,
    "street": "324 Kapahulu Avenue",
    "city": "Honolulu",
    "zip": 96815,
    "lowest_grade": 2,
    "compliant": false,
    "email": null,
    "fax": 8089716933,
    "is_only_pre_k": false,
    "seventh_grade_enroll": 0,
    "phone": 8089716922,
    "district": 3,
    "highest_grade": 7,
    "count": 0,
    "name": "Thomas Jefferson Elementary",
    "has_pre_k": false,
    "other_enroll": 0,
    "total_enrolled": 0,
    "allimmune": false,
    "under_19_months": 0,
    "over_19_months": 0,
    "total_prek": 0
  },
  "model": "register.facility",
  "pk": 18
},
{
  "fields": {
    "kinder_enroll": 0,
    "street": "1141 Kinau Street",
    "city": "Honolulu",
    "zip": 96814,
    "lowest_grade": 2,
    "compliant": false,
    "email": null,
    "fax": 8085874415,
    "is_only_pre_k": false,
    "seventh_grade_enroll": 0,
    "phone": 8085874414,
    "district": 3,
    "highest_grade": 7,
    "count": 0,
    "name": "Queen Kaahumanu Elementary",
    "has_pre_k": false,
    "other_enroll": 0,
    "total_enrolled": 0,
    "allimmune": false,
    "under_19_months": 0,
    "over_19_months": 0,
    "total_prek": 0
  },
  "model": "register.facility",
  "pk": 19
},
{
  "fields": {
    "kinder_enroll": 0,
    "street": "1929 Kamehameha IV Road",
    "city": "Honolulu",
    "zip": 96819,
    "lowest_grade": 2,
    "compliant": false,
    "email": null,
    "fax": 8088323509,
    "is_only_pre_k": false,
    "seventh_grade_enroll": 0,
    "phone": 8088323500,
    "district": 3,
    "highest_grade": 7,
    "count": 0,
    "name": "Kaewai Elementary",
    "has_pre_k": false,
    "other_enroll": 0,
    "total_enrolled": 0,
    "allimmune": false,
    "under_19_months": 0,
    "over_19_months": 0,
    "total_prek": 0
  },
  "model": "register.facility",
  "pk": 20
},
{
  "fields": {
    "kinder_enroll": 0,
    "street": "4559 Kilauea Avenue",
    "city": "Honolulu",
    "zip": 96816,
    "lowest_grade": 2,
    "compliant": false,
    "email": null,
    "fax": 8087334669,
    "is_only_pre_k": false,
    "seventh_grade_enroll": 0,
    "phone": 8087338455,
    "district": 3,
    "highest_grade": 7,
    "count": 0,
    "name": "Kahala Elementary",
    "has_pre_k": false,
    "other_enroll": 0,
    "total_enrolled": 0,
    "allimmune": false,
    "under_19_months": 0,
    "over_19_months": 0,
    "total_prek": 0
  },
  "model": "register.facility",
  "pk": 21
},
{
  "fields": {
    "kinder_enroll": 0,
    "street": "2705 Kaimuki Avenue",
    "city": "Honolulu",
    "zip": 96816,
    "lowest_grade": 11,
    "compliant": false,
    "email": null,
    "fax": 8087334929,
    "is_only_pre_k": false,
    "seventh_grade_enroll": 0,
    "phone": 8087334900,
    "district": 3,
    "highest_grade": 14,
    "count": 0,
    "name": "Kaimuki High",
    "has_pre_k": false,
    "other_enroll": 0,
    "total_enrolled": 0,
    "allimmune": false,
    "under_19_months": 0,
    "over_19_months": 0,
    "total_prek": 0
  },
  "model": "register.facility",
  "pk": 22
},
{
  "fields": {
    "kinder_enroll": 0,
    "street": "631 18th Avenue",
    "city": "Honolulu",
    "zip": 96816,
    "lowest_grade": 8,
    "compliant": false,
    "email": null,
    "fax": 8087334810,
    "is_only_pre_k": false,
    "seventh_grade_enroll": 0,
    "phone": 8087334800,
    "district": 3,
    "highest_grade": 10,
    "count": 0,
    "name": "Kaimuki Middle",
    "has_pre_k": false,
    "other_enroll": 0,
    "total_enrolled": 0,
    "allimmune": false,
    "under_19_months": 0,
    "over_19_months": 0,
    "total_prek": 0
  },
  "model": "register.facility",
  "pk": 23
},
{
  "fields": {
    "kinder_enroll": 0,
    "street": "783 North King Street",
    "city": "Honolulu",
    "zip": 96817,
    "lowest_grade": 2,
    "compliant": false,
    "email": null,
    "fax": 8088323164,
    "is_only_pre_k": false,
    "seventh_grade_enroll": 0,
    "phone": 8088323160,
    "district": 3,
    "highest_grade": 7,
    "count": 0,
    "name": "Princess Victoria Kaiulani Elementary",
    "has_pre_k": false,
    "other_enroll": 0,
    "total_enrolled": 0,
    "allimmune": false,
    "under_19_months": 0,
    "over_19_months": 0,
    "total_prek": 0
  },
  "model": "register.facility",
  "pk": 24
},
{
  "fields": {
    "kinder_enroll": 0,
    "street": "821 Kalihi Street",
    "city": "Honolulu",
    "zip": 96819,
    "lowest_grade": 8,
    "compliant": false,
    "email": null,
    "fax": 8088323140,
    "is_only_pre_k": false,
    "seventh_grade_enroll": 0,
    "phone": 8088323130,
    "district": 3,
    "highest_grade": 10,
    "count": 0,
    "name": "King David Kalakaua Middle",
    "has_pre_k": false,
    "other_enroll": 0,
    "total_enrolled": 0,
    "allimmune": false,
    "under_19_months": 0,
    "over_19_months": 0,
    "total_prek": 0
  },
  "model": "register.facility",
  "pk": 25
},
{
  "fields": {
    "kinder_enroll": 0,
    "street": "4680 Kalanianaole Highway",
    "city": "Honolulu",
    "zip": 96821,
    "lowest_grade": 11,
    "compliant": false,
    "email": null,
    "fax": 8083772483,
    "is_only_pre_k": false,
    "seventh_grade_enroll": 0,
    "phone": 8083777744,
    "district": 3,
    "highest_grade": 14,
    "count": 0,
    "name": "Kalani High",
    "has_pre_k": false,
    "other_enroll": 0,
    "total_enrolled": 0,
    "allimmune": false,
    "under_19_months": 0,
    "over_19_months": 0,
    "total_prek": 0
  },
  "model": "register.facility",
  "pk": 26
},
{
  "fields": {
    "kinder_enroll": 0,
    "street": "2471 Kula Kolea Drive",
    "city": "Honolulu",
    "zip": 96819,
    "lowest_grade": 2,
    "compliant": false,
    "email": null,
    "fax": 8088323179,
    "is_only_pre_k": false,
    "seventh_grade_enroll": 0,
    "phone": 8088323177,
    "district": 3,
    "highest_grade": 7,
    "count": 0,
    "name": "Kalihi Elementary",
    "has_pre_k": false,
    "other_enroll": 0,
    "total_enrolled": 0,
    "allimmune": false,
    "under_19_months": 0,
    "over_19_months": 0,
    "total_prek": 0
  },
  "model": "register.facility",
  "pk": 27
},
{
  "fields": {
    "kinder_enroll": 0,
    "street": "626 McNeil Street",
    "city": "Honolulu",
    "zip": 96817,
    "lowest_grade": 2,
    "compliant": false,
    "email": null,
    "fax": 8088323327,
    "is_only_pre_k": false,
    "seventh_grade_enroll": 0,
    "phone": 8088323322,
    "district": 3,
    "highest_grade": 7,
    "count": 0,
    "name": "Kalihi-kai Elementary",
    "has_pre_k": false,
    "other_enroll": 0,
    "total_enrolled": 0,
    "allimmune": false,
    "under_19_months": 0,
    "over_19_months": 0,
    "total_prek": 0
  },
  "model": "register.facility",
  "pk": 28
},
{
  "fields": {
    "kinder_enroll": 0,
    "street": "2411 Kalihi Street",
    "city": "Honolulu",
    "zip": 96819,
    "lowest_grade": 2,
    "compliant": false,
    "email": null,
    "fax": 8088323313,
    "is_only_pre_k": false,
    "seventh_grade_enroll": 0,
    "phone": 8088323310,
    "district": 3,
    "highest_grade": 7,
    "count": 0,
    "name": "Kalihi-uka Elementary",
    "has_pre_k": false,
    "other_enroll": 0,
    "total_enrolled": 0,
    "allimmune": false,
    "under_19_months": 0,
    "over_19_months": 0,
    "total_prek": 0
  },
  "model": "register.facility",
  "pk": 29
},
{
  "fields": {
    "kinder_enroll": 0,
    "street": "1240 Gulick Avenue",
    "city": "Honolulu",
    "zip": 96819,
    "lowest_grade": 2,
    "compliant": false,
    "email": null,
    "fax": 8088323213,
    "is_only_pre_k": false,
    "seventh_grade_enroll": 0,
    "phone": 8088323210,
    "district": 3,
    "highest_grade": 7,
    "count": 0,
    "name": "Kalihi-waena Elementary",
    "has_pre_k": false,
    "other_enroll": 0,
    "total_enrolled": 0,
    "allimmune": false,
    "under_19_months": 0,
    "over_19_months": 0,
    "total_prek": 0
  },
  "model": "register.facility",
  "pk": 30
},
{
  "fields": {
    "kinder_enroll": 0,
    "street": "1601 North School Street",
    "city": "Honolulu",
    "zip": 96817,
    "lowest_grade": 2,
    "compliant": false,
    "email": null,
    "fax": 8088323302,
    "is_only_pre_k": false,
    "seventh_grade_enroll": 0,
    "phone": 8088323290,
    "district": 3,
    "highest_grade": 7,
    "count": 0,
    "name": "Kapalama Elementary",
    "has_pre_k": false,
    "other_enroll": 0,
    "total_enrolled": 0,
    "allimmune": false,
    "under_19_months": 0,
    "over_19_months": 0,
    "total_prek": 0
  },
  "model": "register.facility",
  "pk": 31
},
{
  "fields": {
    "kinder_enroll": 0,
    "street": "1486 Aala Street",
    "city": "Honolulu",
    "zip": 96817,
    "lowest_grade": 2,
    "compliant": false,
    "email": null,
    "fax": 8085874453,
    "is_only_pre_k": false,
    "seventh_grade_enroll": 0,
    "phone": 8085874447,
    "district": 3,
    "highest_grade": 7,
    "count": 0,
    "name": "Kauluwela Elementary",
    "has_pre_k": false,
    "other_enroll": 0,
    "total_enrolled": 0,
    "allimmune": false,
    "under_19_months": 0,
    "over_19_months": 0,
    "total_prek": 0
  },
  "model": "register.facility",
  "pk": 32
},
{
  "fields": {
    "kinder_enroll": 0,
    "street": "49 Funchal Street",
    "city": "Honolulu",
    "zip": 96813,
    "lowest_grade": 8,
    "compliant": false,
    "email": null,
    "fax": 8085874443,
    "is_only_pre_k": false,
    "seventh_grade_enroll": 0,
    "phone": 8085874430,
    "district": 3,
    "highest_grade": 10,
    "count": 0,
    "name": "Prince David Kawananakoa Middle",
    "has_pre_k": false,
    "other_enroll": 0,
    "total_enrolled": 0,
    "allimmune": false,
    "under_19_months": 0,
    "over_19_months": 0,
    "total_prek": 0
  },
  "model": "register.facility",
  "pk": 33
},
{
  "fields": {
    "kinder_enroll": 0,
    "street": "189 Lunalilo Home Road",
    "city": "Honolulu",
    "zip": 96825,
    "lowest_grade": 2,
    "compliant": false,
    "email": null,
    "fax": 8083975816,
    "is_only_pre_k": false,
    "seventh_grade_enroll": 0,
    "phone": 8083975811,
    "district": 3,
    "highest_grade": 7,
    "count": 0,
    "name": "Koko Head Elementary",
    "has_pre_k": false,
    "other_enroll": 0,
    "total_enrolled": 0,
    "allimmune": false,
    "under_19_months": 0,
    "over_19_months": 0,
    "total_prek": 0
  },
  "model": "register.facility",
  "pk": 34
},
{
  "fields": {
    "kinder_enroll": 0,
    "street": "2759 South King Street",
    "city": "Honolulu",
    "zip": 96826,
    "lowest_grade": 2,
    "compliant": false,
    "email": null,
    "fax": 8089730088,
    "is_only_pre_k": false,
    "seventh_grade_enroll": 0,
    "phone": 8089730085,
    "district": 3,
    "highest_grade": 7,
    "count": 0,
    "name": "Prince Jonah Kuhio Elementary",
    "has_pre_k": false,
    "other_enroll": 0,
    "total_enrolled": 0,
    "allimmune": false,
    "under_19_months": 0,
    "over_19_months": 0,
    "total_prek": 0
  },
  "model": "register.facility",
  "pk": 35
},
{
  "fields": {
    "kinder_enroll": 0,
    "street": "717 North Kuakini Street",
    "city": "Honolulu",
    "zip": 96817,
    "lowest_grade": 2,
    "compliant": false,
    "email": null,
    "fax": 8085874468,
    "is_only_pre_k": false,
    "seventh_grade_enroll": 0,
    "phone": 8085874466,
    "district": 3,
    "highest_grade": 7,
    "count": 0,
    "name": "Lanakila Elementary",
    "has_pre_k": false,
    "other_enroll": 0,
    "total_enrolled": 0,
    "allimmune": false,
    "under_19_months": 0,
    "over_19_months": 0,
    "total_prek": 0
  },
  "model": "register.facility",
  "pk": 36
},
{
  "fields": {
    "kinder_enroll": 0,
    "street": "3430 Maunaloa Avenue",
    "city": "Honolulu",
    "zip": 96816,
    "lowest_grade": 2,
    "compliant": false,
    "email": null,
    "fax": 8087334856,
    "is_only_pre_k": false,
    "seventh_grade_enroll": 0,
    "phone": 8087334850,
    "district": 3,
    "highest_grade": 7,
    "count": 0,
    "name": "King Liholiho Elementary",
    "has_pre_k": false,
    "other_enroll": 0,
    "total_enrolled": 0,
    "allimmune": false,
    "under_19_months": 0,
    "over_19_months": 0,
    "total_prek": 0
  },
  "model": "register.facility",
  "pk": 37
},
{
  "fields": {
    "kinder_enroll": 0,
    "street": "1618 Palama Street",
    "city": "Honolulu",
    "zip": 96817,
    "lowest_grade": 2,
    "compliant": false,
    "email": null,
    "fax": 8088323374,
    "is_only_pre_k": false,
    "seventh_grade_enroll": 0,
    "phone": 8088323370,
    "district": 3,
    "highest_grade": 7,
    "count": 0,
    "name": "Princess Miriam K. Likelike Elementary",
    "has_pre_k": false,
    "other_enroll": 0,
    "total_enrolled": 0,
    "allimmune": false,
    "under_19_months": 0,
    "over_19_months": 0,
    "total_prek": 0
  },
  "model": "register.facility",
  "pk": 38
},
{
  "fields": {
    "kinder_enroll": 0,
    "street": "1434 Linapuni Street",
    "city": "Honolulu",
    "zip": 96819,
    "lowest_grade": 2,
    "compliant": false,
    "email": null,
    "fax": 8088323305,
    "is_only_pre_k": false,
    "seventh_grade_enroll": 0,
    "phone": 8083052150,
    "district": 3,
    "highest_grade": 4,
    "count": 0,
    "name": "Linapuni Elementary",
    "has_pre_k": false,
    "other_enroll": 0,
    "total_enrolled": 0,
    "allimmune": false,
    "under_19_months": 0,
    "over_19_months": 0,
    "total_prek": 0
  },
  "model": "register.facility",
  "pk": 39
},
{
  "fields": {
    "kinder_enroll": 0,
    "street": "615 Auwaiolimu Street",
    "city": "Honolulu",
    "zip": 96813,
    "lowest_grade": 2,
    "compliant": false,
    "email": null,
    "fax": 8085874487,
    "is_only_pre_k": false,
    "seventh_grade_enroll": 0,
    "phone": 8085874480,
    "district": 3,
    "highest_grade": 7,
    "count": 0,
    "name": "Abraham Lincoln Elementary",
    "has_pre_k": false,
    "other_enroll": 0,
    "total_enrolled": 0,
    "allimmune": false,
    "under_19_months": 0,
    "over_19_months": 0,
    "total_prek": 0
  },
  "model": "register.facility",
  "pk": 40
},
{
  "fields": {
    "kinder_enroll": 0,
    "street": "810 Pumehana Street",
    "city": "Honolulu",
    "zip": 96826,
    "lowest_grade": 2,
    "compliant": false,
    "email": null,
    "fax": 8089730276,
    "is_only_pre_k": false,
    "seventh_grade_enroll": 0,
    "phone": 8089730270,
    "district": 3,
    "highest_grade": 7,
    "count": 0,
    "name": "King William Lunalilo Elementary",
    "has_pre_k": false,
    "other_enroll": 0,
    "total_enrolled": 0,
    "allimmune": false,
    "under_19_months": 0,
    "over_19_months": 0,
    "total_prek": 0
  },
  "model": "register.facility",
  "pk": 41
},
{
  "fields": {
    "kinder_enroll": 0,
    "street": "319 Wyllie Street",
    "city": "Honolulu",
    "zip": 96817,
    "lowest_grade": 2,
    "compliant": false,
    "email": null,
    "fax": 8085955405,
    "is_only_pre_k": false,
    "seventh_grade_enroll": 0,
    "phone": 8085955400,
    "district": 3,
    "highest_grade": 8,
    "count": 0,
    "name": "Maemae Elementary",
    "has_pre_k": false,
    "other_enroll": 0,
    "total_enrolled": 0,
    "allimmune": false,
    "under_19_months": 0,
    "over_19_months": 0,
    "total_prek": 0
  },
  "model": "register.facility",
  "pk": 42
},
{
  "fields": {
    "kinder_enroll": 0,
    "street": "3155 Manoa Road",
    "city": "Honolulu",
    "zip": 96822,
    "lowest_grade": 2,
    "compliant": false,
    "email": null,
    "fax": 8089881860,
    "is_only_pre_k": false,
    "seventh_grade_enroll": 0,
    "phone": 8089881868,
    "district": 3,
    "highest_grade": 7,
    "count": 0,
    "name": "Manoa Elementary",
    "has_pre_k": false,
    "other_enroll": 0,
    "total_enrolled": 0,
    "allimmune": false,
    "under_19_months": 0,
    "over_19_months": 0,
    "total_prek": 0
  },
  "model": "register.facility",
  "pk": 43
},
{
  "fields": {
    "kinder_enroll": 0,
    "street": "1039 South King Street",
    "city": "Honolulu",
    "zip": 96814,
    "lowest_grade": 11,
    "compliant": false,
    "email": null,
    "fax": 8085940407,
    "is_only_pre_k": false,
    "seventh_grade_enroll": 0,
    "phone": 8085940400,
    "district": 3,
    "highest_grade": 14,
    "count": 0,
    "name": "William McKinley High",
    "has_pre_k": false,
    "other_enroll": 0,
    "total_enrolled": 0,
    "allimmune": false,
    "under_19_months": 0,
    "over_19_months": 0,
    "total_prek": 0
  },
  "model": "register.facility",
  "pk": 44
},
{
  "fields": {
    "kinder_enroll": 0,
    "street": "310 Halemaumau Street",
    "city": "Honolulu",
    "zip": 96821,
    "lowest_grade": 8,
    "compliant": false,
    "email": null,
    "fax": 8083772444,
    "is_only_pre_k": false,
    "seventh_grade_enroll": 0,
    "phone": 8083772440,
    "district": 3,
    "highest_grade": 10,
    "count": 0,
    "name": "Niu Valley Middle",
    "has_pre_k": false,
    "other_enroll": 0,
    "total_enrolled": 0,
    "allimmune": false,
    "under_19_months": 0,
    "over_19_months": 0,
    "total_prek": 0
  },
  "model": "register.facility",
  "pk": 45
},
{
  "fields": {
    "kinder_enroll": 0,
    "street": "2655 Woodlawn Drive",
    "city": "Honolulu",
    "zip": 96822,
    "lowest_grade": 2,
    "compliant": false,
    "email": null,
    "fax": 8089881855,
    "is_only_pre_k": false,
    "seventh_grade_enroll": 0,
    "phone": 8089881858,
    "district": 3,
    "highest_grade": 7,
    "count": 0,
    "name": "Noelani Elementary",
    "has_pre_k": false,
    "other_enroll": 0,
    "total_enrolled": 0,
    "allimmune": false,
    "under_19_months": 0,
    "over_19_months": 0,
    "total_prek": 0
  },
  "model": "register.facility",
  "pk": 46
},
{
  "fields": {
    "kinder_enroll": 0,
    "street": "3055 Puiwa Lane",
    "city": "Honolulu",
    "zip": 96817,
    "lowest_grade": 2,
    "compliant": false,
    "email": null,
    "fax": 8085954687,
    "is_only_pre_k": false,
    "seventh_grade_enroll": 0,
    "phone": 8085955422,
    "district": 3,
    "highest_grade": 7,
    "count": 0,
    "name": "Nuuanu Elementary",
    "has_pre_k": false,
    "other_enroll": 0,
    "total_enrolled": 0,
    "allimmune": false,
    "under_19_months": 0,
    "over_19_months": 0,
    "total_prek": 0
  },
  "model": "register.facility",
  "pk": 47
},
{
  "fields": {
    "kinder_enroll": 0,
    "street": "2106 10th Avenue",
    "city": "Honolulu",
    "zip": 96816,
    "lowest_grade": 2,
    "compliant": false,
    "email": null,
    "fax": 8087334708,
    "is_only_pre_k": false,
    "seventh_grade_enroll": 0,
    "phone": 8087334700,
    "district": 3,
    "highest_grade": 7,
    "count": 0,
    "name": "Palolo Elementary",
    "has_pre_k": false,
    "other_enroll": 0,
    "total_enrolled": 0,
    "allimmune": false,
    "under_19_months": 0,
    "over_19_months": 0,
    "total_prek": 0
  },
  "model": "register.facility",
  "pk": 48
},
{
  "fields": {
    "kinder_enroll": 0,
    "street": "2301 Pauoa Road",
    "city": "Honolulu",
    "zip": 96813,
    "lowest_grade": 2,
    "compliant": false,
    "email": null,
    "fax": 8085874506,
    "is_only_pre_k": false,
    "seventh_grade_enroll": 0,
    "phone": 8085874500,
    "district": 3,
    "highest_grade": 7,
    "count": 0,
    "name": "Pauoa Elementary",
    "has_pre_k": false,
    "other_enroll": 0,
    "total_enrolled": 0,
    "allimmune": false,
    "under_19_months": 0,
    "over_19_months": 0,
    "total_prek": 0
  },
  "model": "register.facility",
  "pk": 49
},
{
  "fields": {
    "kinder_enroll": 0,
    "street": "324 Kapahulu Avenue",
    "city": "Honolulu",
    "zip": 96815,
    "lowest_grade": 2,
    "compliant": false,
    "email": null,
    "fax": 8089716933,
    "is_only_pre_k": false,
    "seventh_grade_enroll": 0,
    "phone": 8089716931,
    "district": 3,
    "highest_grade": 8,
    "count": 0,
    "name": "Jefferson Orthopedic",
    "has_pre_k": false,
    "other_enroll": 0,
    "total_enrolled": 0,
    "allimmune": false,
    "under_19_months": 0,
    "over_19_months": 0,
    "total_prek": 0
  },
  "model": "register.facility",
  "pk": 50
},
{
  "fields": {
    "kinder_enroll": 0,
    "street": "345 Puuhale Road",
    "city": "Honolulu",
    "zip": 96819,
    "lowest_grade": 2,
    "compliant": false,
    "email": null,
    "fax": 8088323195,
    "is_only_pre_k": false,
    "seventh_grade_enroll": 0,
    "phone": 8088323190,
    "district": 3,
    "highest_grade": 7,
    "count": 0,
    "name": "Puuhale Elementary",
    "has_pre_k": false,
    "other_enroll": 0,
    "total_enrolled": 0,
    "allimmune": false,
    "under_19_months": 0,
    "over_19_months": 0,
    "total_prek": 0
  },
  "model": "register.facility",
  "pk": 51
},
{
  "fields": {
    "kinder_enroll": 0,
    "street": "1120 Nehoa Street",
    "city": "Honolulu",
    "zip": 96822,
    "lowest_grade": 11,
    "compliant": false,
    "email": null,
    "fax": 8085874637,
    "is_only_pre_k": false,
    "seventh_grade_enroll": 0,
    "phone": 8085874600,
    "district": 3,
    "highest_grade": 14,
    "count": 0,
    "name": "Theodore Roosevelt High",
    "has_pre_k": false,
    "other_enroll": 0,
    "total_enrolled": 0,
    "allimmune": false,
    "under_19_months": 0,
    "over_19_months": 0,
    "total_prek": 0
  },
  "model": "register.facility",
  "pk": 52
},
{
  "fields": {
    "kinder_enroll": 0,
    "street": "1519 Queen Emma Street",
    "city": "Honolulu",
    "zip": 96813,
    "lowest_grade": 2,
    "compliant": false,
    "email": null,
    "fax": 8085874518,
    "is_only_pre_k": false,
    "seventh_grade_enroll": 0,
    "phone": 8085874510,
    "district": 3,
    "highest_grade": 7,
    "count": 0,
    "name": "Royal Elementary",
    "has_pre_k": false,
    "other_enroll": 0,
    "total_enrolled": 0,
    "allimmune": false,
    "under_19_months": 0,
    "over_19_months": 0,
    "total_prek": 0
  },
  "model": "register.facility",
  "pk": 53
},
{
  "fields": {
    "kinder_enroll": 0,
    "street": "1202 Prospect Street",
    "city": "Honolulu",
    "zip": 96822,
    "lowest_grade": 8,
    "compliant": false,
    "email": null,
    "fax": 8085874523,
    "is_only_pre_k": false,
    "seventh_grade_enroll": 0,
    "phone": 8085874520,
    "district": 3,
    "highest_grade": 10,
    "count": 0,
    "name": "Robert Louis Stevenson Middle",
    "has_pre_k": false,
    "other_enroll": 0,
    "total_enrolled": 0,
    "allimmune": false,
    "under_19_months": 0,
    "over_19_months": 0,
    "total_prek": 0
  },
  "model": "register.facility",
  "pk": 54
},
{
  "fields": {
    "kinder_enroll": 0,
    "street": "1045 19th Avenue",
    "city": "Honolulu",
    "zip": 96816,
    "lowest_grade": 2,
    "compliant": false,
    "email": null,
    "fax": 8087334886,
    "is_only_pre_k": false,
    "seventh_grade_enroll": 0,
    "phone": 8087334880,
    "district": 3,
    "highest_grade": 7,
    "count": 0,
    "name": "Waialae Elementary PCS",
    "has_pre_k": false,
    "other_enroll": 0,
    "total_enrolled": 0,
    "allimmune": false,
    "under_19_months": 0,
    "over_19_months": 0,
    "total_prek": 0
  },
  "model": "register.facility",
  "pk": 55
},
{
  "fields": {
    "kinder_enroll": 0,
    "street": "3710 Leahi Avenue",
    "city": "Honolulu",
    "zip": 96815,
    "lowest_grade": 2,
    "compliant": false,
    "email": null,
    "fax": 8089716902,
    "is_only_pre_k": false,
    "seventh_grade_enroll": 0,
    "phone": 8089716900,
    "district": 3,
    "highest_grade": 7,
    "count": 0,
    "name": "Waikiki Elementary",
    "has_pre_k": false,
    "other_enroll": 0,
    "total_enrolled": 0,
    "allimmune": false,
    "under_19_months": 0,
    "over_19_months": 0,
    "total_prek": 0
  },
  "model": "register.facility",
  "pk": 56
},
{
  "fields": {
    "kinder_enroll": 0,
    "street": "1633 South King Street",
    "city": "Honolulu",
    "zip": 96826,
    "lowest_grade": 8,
    "compliant": false,
    "email": null,
    "fax": 8089730181,
    "is_only_pre_k": false,
    "seventh_grade_enroll": 0,
    "phone": 8089730177,
    "district": 3,
    "highest_grade": 10,
    "count": 0,
    "name": "George Washington Middle",
    "has_pre_k": false,
    "other_enroll": 0,
    "total_enrolled": 0,
    "allimmune": false,
    "under_19_months": 0,
    "over_19_months": 0,
    "total_prek": 0
  },
  "model": "register.facility",
  "pk": 57
},
{
  "fields": {
    "kinder_enroll": 0,
    "street": "4945 Kilauea Avenue",
    "city": "Honolulu",
    "zip": 96816,
    "lowest_grade": 2,
    "compliant": false,
    "email": null,
    "fax": 8087334746,
    "is_only_pre_k": false,
    "seventh_grade_enroll": 0,
    "phone": 8087334740,
    "district": 3,
    "highest_grade": 7,
    "count": 0,
    "name": "John H. Wilson Elementary",
    "has_pre_k": false,
    "other_enroll": 0,
    "total_enrolled": 0,
    "allimmune": false,
    "under_19_months": 0,
    "over_19_months": 0,
    "total_prek": 0
  },
  "model": "register.facility",
  "pk": 58
},
{
  "fields": {
    "kinder_enroll": 0,
    "street": "511 Lunalilo Home Road",
    "city": "Honolulu",
    "zip": 96825,
    "lowest_grade": 11,
    "compliant": false,
    "email": null,
    "fax": 8083941245,
    "is_only_pre_k": false,
    "seventh_grade_enroll": 0,
    "phone": 8083941200,
    "district": 3,
    "highest_grade": 14,
    "count": 0,
    "name": "Henry J. Kaiser High",
    "has_pre_k": false,
    "other_enroll": 0,
    "total_enrolled": 0,
    "allimmune": false,
    "under_19_months": 0,
    "over_19_months": 0,
    "total_prek": 0
  },
  "model": "register.facility",
  "pk": 59
},
{
  "fields": {
    "kinder_enroll": 0,
    "street": "7788 Hawaii Kai Drive",
    "city": "Honolulu",
    "zip": 96825,
    "lowest_grade": 2,
    "compliant": false,
    "email": null,
    "fax": 8083975806,
    "is_only_pre_k": false,
    "seventh_grade_enroll": 0,
    "phone": 8083975800,
    "district": 3,
    "highest_grade": 7,
    "count": 0,
    "name": "Kamiloiki Elementary",
    "has_pre_k": false,
    "other_enroll": 0,
    "total_enrolled": 0,
    "allimmune": false,
    "under_19_months": 0,
    "over_19_months": 0,
    "total_prek": 0
  },
  "model": "register.facility",
  "pk": 60
},
{
  "fields": {
    "kinder_enroll": 0,
    "street": "99-600 Kulawea Street",
    "city": "Aiea",
    "zip": 96701,
    "lowest_grade": 9,
    "compliant": false,
    "email": null,
    "fax": 8084837235,
    "is_only_pre_k": false,
    "seventh_grade_enroll": 0,
    "phone": 8084837230,
    "district": 1,
    "highest_grade": 10,
    "count": 0,
    "name": "Aiea Intermediate",
    "has_pre_k": false,
    "other_enroll": 0,
    "total_enrolled": 0,
    "allimmune": false,
    "under_19_months": 0,
    "over_19_months": 0,
    "total_prek": 0
  },
  "model": "register.facility",
  "pk": 61
},
{
  "fields": {
    "kinder_enroll": 0,
    "street": "98-1276 Ulune Street",
    "city": "Aiea",
    "zip": 96701,
    "lowest_grade": 11,
    "compliant": false,
    "email": null,
    "fax": 8084837303,
    "is_only_pre_k": false,
    "seventh_grade_enroll": 0,
    "phone": 8084837300,
    "district": 1,
    "highest_grade": 14,
    "count": 0,
    "name": "Aiea High",
    "has_pre_k": false,
    "other_enroll": 0,
    "total_enrolled": 0,
    "allimmune": false,
    "under_19_months": 0,
    "over_19_months": 0,
    "total_prek": 0
  },
  "model": "register.facility",
  "pk": 62
},
{
  "fields": {
    "kinder_enroll": 0,
    "street": "3265 Salt Lake Blvd.",
    "city": "Honolulu",
    "zip": 96818,
    "lowest_grade": 2,
    "compliant": false,
    "email": null,
    "fax": 8084214283,
    "is_only_pre_k": false,
    "seventh_grade_enroll": 0,
    "phone": 8084214280,
    "district": 1,
    "highest_grade": 8,
    "count": 0,
    "name": "Aliamanu Elementary",
    "has_pre_k": false,
    "other_enroll": 0,
    "total_enrolled": 0,
    "allimmune": false,
    "under_19_months": 0,
    "over_19_months": 0,
    "total_prek": 0
  },
  "model": "register.facility",
  "pk": 63
},
{
  "fields": {
    "kinder_enroll": 0,
    "street": "3271 Salt Lake Blvd.",
    "city": "Honolulu",
    "zip": 96818,
    "lowest_grade": 9,
    "compliant": false,
    "email": null,
    "fax": 8084214103,
    "is_only_pre_k": false,
    "seventh_grade_enroll": 0,
    "phone": 8084214100,
    "district": 1,
    "highest_grade": 10,
    "count": 0,
    "name": "Aliamanu Middle",
    "has_pre_k": false,
    "other_enroll": 0,
    "total_enrolled": 0,
    "allimmune": false,
    "under_19_months": 0,
    "over_19_months": 0,
    "total_prek": 0
  },
  "model": "register.facility",
  "pk": 64
},
{
  "fields": {
    "kinder_enroll": 0,
    "street": "66-505 Haleiwa Road",
    "city": "Haleiwa",
    "zip": 96712,
    "lowest_grade": 2,
    "compliant": false,
    "email": null,
    "fax": 8086378240,
    "is_only_pre_k": false,
    "seventh_grade_enroll": 0,
    "phone": 8086378237,
    "district": 1,
    "highest_grade": 8,
    "count": 0,
    "name": "Haleiwa Elementary",
    "has_pre_k": false,
    "other_enroll": 0,
    "total_enrolled": 0,
    "allimmune": false,
    "under_19_months": 0,
    "over_19_months": 0,
    "total_prek": 0
  },
  "model": "register.facility",
  "pk": 65
},
{
  "fields": {
    "kinder_enroll": 0,
    "street": "1 Ayres Avenue",
    "city": "Wahiawa",
    "zip": 96786,
    "lowest_grade": 2,
    "compliant": false,
    "email": null,
    "fax": 8086226382,
    "is_only_pre_k": false,
    "seventh_grade_enroll": 0,
    "phone": 8086226380,
    "district": 1,
    "highest_grade": 7,
    "count": 0,
    "name": "Hale Kula Elementary",
    "has_pre_k": false,
    "other_enroll": 0,
    "total_enrolled": 0,
    "allimmune": false,
    "under_19_months": 0,
    "over_19_months": 0,
    "total_prek": 0
  },
  "model": "register.facility",
  "pk": 66
},
{
  "fields": {
    "kinder_enroll": 0,
    "street": "1001 Ihi Ihi Avenue",
    "city": "Wahiawa",
    "zip": 96786,
    "lowest_grade": 2,
    "compliant": false,
    "email": null,
    "fax": 8086226368,
    "is_only_pre_k": false,
    "seventh_grade_enroll": 0,
    "phone": 8086226336,
    "district": 1,
    "highest_grade": 7,
    "count": 0,
    "name": "Helemano Elementary",
    "has_pre_k": false,
    "other_enroll": 0,
    "total_enrolled": 0,
    "allimmune": false,
    "under_19_months": 0,
    "over_19_months": 0,
    "total_prek": 0
  },
  "model": "register.facility",
  "pk": 67
},
{
  "fields": {
    "kinder_enroll": 0,
    "street": "Manzelman Circle",
    "city": "Honolulu",
    "zip": 96818,
    "lowest_grade": 2,
    "compliant": false,
    "email": null,
    "fax": 8084214157,
    "is_only_pre_k": false,
    "seventh_grade_enroll": 0,
    "phone": 8084214148,
    "district": 1,
    "highest_grade": 8,
    "count": 0,
    "name": "Horace Meek Hickam Elementary",
    "has_pre_k": false,
    "other_enroll": 0,
    "total_enrolled": 0,
    "allimmune": false,
    "under_19_months": 0,
    "over_19_months": 0,
    "total_prek": 0
  },
  "model": "register.facility",
  "pk": 68
},
{
  "fields": {
    "kinder_enroll": 0,
    "street": "2035 California Avenue",
    "city": "Wahiawa",
    "zip": 96786,
    "lowest_grade": 2,
    "compliant": false,
    "email": null,
    "fax": 8086226413,
    "is_only_pre_k": false,
    "seventh_grade_enroll": 0,
    "phone": 8086226411,
    "district": 1,
    "highest_grade": 7,
    "count": 0,
    "name": "Iliahi Elementary",
    "has_pre_k": false,
    "other_enroll": 0,
    "total_enrolled": 0,
    "allimmune": false,
    "under_19_months": 0,
    "over_19_months": 0,
    "total_prek": 0
  },
  "model": "register.facility",
  "pk": 69
},
{
  "fields": {
    "kinder_enroll": 0,
    "street": "130 California Avenue",
    "city": "Wahiawa",
    "zip": 96786,
    "lowest_grade": 2,
    "compliant": false,
    "email": null,
    "fax": 8086226368,
    "is_only_pre_k": false,
    "seventh_grade_enroll": 0,
    "phone": 8086226366,
    "district": 1,
    "highest_grade": 7,
    "count": 0,
    "name": "Kaala Elementary",
    "has_pre_k": false,
    "other_enroll": 0,
    "total_enrolled": 0,
    "allimmune": false,
    "under_19_months": 0,
    "over_19_months": 0,
    "total_prek": 0
  },
  "model": "register.facility",
  "pk": 70
},
{
  "fields": {
    "kinder_enroll": 0,
    "street": "95-076 Kipapa Drive",
    "city": "Mililani",
    "zip": 96789,
    "lowest_grade": 2,
    "compliant": false,
    "email": null,
    "fax": 8086277326,
    "is_only_pre_k": false,
    "seventh_grade_enroll": 0,
    "phone": 8086277322,
    "district": 1,
    "highest_grade": 7,
    "count": 0,
    "name": "Kipapa Elementary",
    "has_pre_k": false,
    "other_enroll": 0,
    "total_enrolled": 0,
    "allimmune": false,
    "under_19_months": 0,
    "over_19_months": 0,
    "total_prek": 0
  },
  "model": "register.facility",
  "pk": 71
},
{
  "fields": {
    "kinder_enroll": 0,
    "street": "4435 Salt Lake Blvd.",
    "city": "Honolulu",
    "zip": 96818,
    "lowest_grade": 2,
    "compliant": false,
    "email": null,
    "fax": 8084214112,
    "is_only_pre_k": false,
    "seventh_grade_enroll": 0,
    "phone": 8084214110,
    "district": 1,
    "highest_grade": 8,
    "count": 0,
    "name": "Makalapa Elementary",
    "has_pre_k": false,
    "other_enroll": 0,
    "total_enrolled": 0,
    "allimmune": false,
    "under_19_months": 0,
    "over_19_months": 0,
    "total_prek": 0
  },
  "model": "register.facility",
  "pk": 72
},
{
  "fields": {
    "kinder_enroll": 0,
    "street": "1337 Mahiole Street",
    "city": "Honolulu",
    "zip": 96819,
    "lowest_grade": 2,
    "compliant": false,
    "email": null,
    "fax": 8088317877,
    "is_only_pre_k": false,
    "seventh_grade_enroll": 0,
    "phone": 8088317878,
    "district": 1,
    "highest_grade": 8,
    "count": 0,
    "name": "Moanalua Elementary",
    "has_pre_k": false,
    "other_enroll": 0,
    "total_enrolled": 0,
    "allimmune": false,
    "under_19_months": 0,
    "over_19_months": 0,
    "total_prek": 0
  },
  "model": "register.facility",
  "pk": 73
},
{
  "fields": {
    "kinder_enroll": 0,
    "street": "2825 Ala Ilima Street",
    "city": "Honolulu",
    "zip": 96818,
    "lowest_grade": 11,
    "compliant": false,
    "email": null,
    "fax": 8088317919,
    "is_only_pre_k": false,
    "seventh_grade_enroll": 0,
    "phone": 8088378455,
    "district": 1,
    "highest_grade": 14,
    "count": 0,
    "name": "Moanalua High",
    "has_pre_k": false,
    "other_enroll": 0,
    "total_enrolled": 0,
    "allimmune": false,
    "under_19_months": 0,
    "over_19_months": 0,
    "total_prek": 0
  },
  "model": "register.facility",
  "pk": 74
},
{
  "fields": {
    "kinder_enroll": 0,
    "street": "1289 Mahiole Street",
    "city": "Honolulu",
    "zip": 96819,
    "lowest_grade": 9,
    "compliant": false,
    "email": null,
    "fax": 8088317859,
    "is_only_pre_k": false,
    "seventh_grade_enroll": 0,
    "phone": 8088317850,
    "district": 1,
    "highest_grade": 10,
    "count": 0,
    "name": "Moanalua Middle",
    "has_pre_k": false,
    "other_enroll": 0,
    "total_enrolled": 0,
    "allimmune": false,
    "under_19_months": 0,
    "over_19_months": 0,
    "total_prek": 0
  },
  "model": "register.facility",
  "pk": 75
},
{
  "fields": {
    "kinder_enroll": 0,
    "street": "250 Aupaka Street",
    "city": "Honolulu",
    "zip": 96818,
    "lowest_grade": 2,
    "compliant": false,
    "email": null,
    "fax": 8084214182,
    "is_only_pre_k": false,
    "seventh_grade_enroll": 0,
    "phone": 8084214180,
    "district": 1,
    "highest_grade": 8,
    "count": 0,
    "name": "Mokulele Elementary",
    "has_pre_k": false,
    "other_enroll": 0,
    "total_enrolled": 0,
    "allimmune": false,
    "under_19_months": 0,
    "over_19_months": 0,
    "total_prek": 0
  },
  "model": "register.facility",
  "pk": 76
},
{
  "fields": {
    "kinder_enroll": 0,
    "street": "520 Main Street",
    "city": "Honolulu",
    "zip": 96818,
    "lowest_grade": 2,
    "compliant": false,
    "email": null,
    "fax": 8084214170,
    "is_only_pre_k": false,
    "seventh_grade_enroll": 0,
    "phone": 8084214165,
    "district": 1,
    "highest_grade": 8,
    "count": 0,
    "name": "Chester W. Nimitz Elementary",
    "has_pre_k": false,
    "other_enroll": 0,
    "total_enrolled": 0,
    "allimmune": false,
    "under_19_months": 0,
    "over_19_months": 0,
    "total_prek": 0
  },
  "model": "register.facility",
  "pk": 77
},
{
  "fields": {
    "kinder_enroll": 0,
    "street": "1 Moanalua Ridge",
    "city": "Honolulu",
    "zip": 96818,
    "lowest_grade": 2,
    "compliant": false,
    "email": null,
    "fax": 8084214128,
    "is_only_pre_k": false,
    "seventh_grade_enroll": 0,
    "phone": 8084214125,
    "district": 1,
    "highest_grade": 8,
    "count": 0,
    "name": "Pearl Harbor Elementary",
    "has_pre_k": false,
    "other_enroll": 0,
    "total_enrolled": 0,
    "allimmune": false,
    "under_19_months": 0,
    "over_19_months": 0,
    "total_prek": 0
  },
  "model": "register.facility",
  "pk": 78
},
{
  "fields": {
    "kinder_enroll": 0,
    "street": "1 C Avenue",
    "city": "Honolulu",
    "zip": 96818,
    "lowest_grade": 2,
    "compliant": false,
    "email": null,
    "fax": 8084214248,
    "is_only_pre_k": false,
    "seventh_grade_enroll": 0,
    "phone": 8084214245,
    "district": 1,
    "highest_grade": 8,
    "count": 0,
    "name": "Pearl Harbor Kai Elementary",
    "has_pre_k": false,
    "other_enroll": 0,
    "total_enrolled": 0,
    "allimmune": false,
    "under_19_months": 0,
    "over_19_months": 0,
    "total_prek": 0
  },
  "model": "register.facility",
  "pk": 79
},
{
  "fields": {
    "kinder_enroll": 0,
    "street": "4361 Salt Lake Blvd.",
    "city": "Honolulu",
    "zip": 96818,
    "lowest_grade": 11,
    "compliant": false,
    "email": null,
    "fax": 8084214210,
    "is_only_pre_k": false,
    "seventh_grade_enroll": 0,
    "phone": 8084214200,
    "district": 1,
    "highest_grade": 14,
    "count": 0,
    "name": "Admiral Arthur W. Radford High",
    "has_pre_k": false,
    "other_enroll": 0,
    "total_enrolled": 0,
    "allimmune": false,
    "under_19_months": 0,
    "over_19_months": 0,
    "total_prek": 0
  },
  "model": "register.facility",
  "pk": 80
},
{
  "fields": {
    "kinder_enroll": 0,
    "street": "1265 Ala Kula Place",
    "city": "Honolulu",
    "zip": 96819,
    "lowest_grade": 2,
    "compliant": false,
    "email": null,
    "fax": 8088317861,
    "is_only_pre_k": false,
    "seventh_grade_enroll": 0,
    "phone": 8088317866,
    "district": 1,
    "highest_grade": 8,
    "count": 0,
    "name": "Red Hill Elementary",
    "has_pre_k": false,
    "other_enroll": 0,
    "total_enrolled": 0,
    "allimmune": false,
    "under_19_months": 0,
    "over_19_months": 0,
    "total_prek": 0
  },
  "model": "register.facility",
  "pk": 81
},
{
  "fields": {
    "kinder_enroll": 0,
    "street": "2875 Waianae Uka Avenue",
    "city": "Wahiawa",
    "zip": 96786,
    "lowest_grade": 2,
    "compliant": false,
    "email": null,
    "fax": 8086249505,
    "is_only_pre_k": false,
    "seventh_grade_enroll": 0,
    "phone": 8086249500,
    "district": 1,
    "highest_grade": 7,
    "count": 0,
    "name": "Samuel K. Solomon Elementary",
    "has_pre_k": false,
    "other_enroll": 0,
    "total_enrolled": 0,
    "allimmune": false,
    "under_19_months": 0,
    "over_19_months": 0,
    "total_prek": 0
  },
  "model": "register.facility",
  "pk": 82
},
{
  "fields": {
    "kinder_enroll": 0,
    "street": "98-1230 Moanalua Road",
    "city": "Aiea",
    "zip": 96701,
    "lowest_grade": 2,
    "compliant": false,
    "email": null,
    "fax": 8084837223,
    "is_only_pre_k": false,
    "seventh_grade_enroll": 0,
    "phone": 8084837220,
    "district": 1,
    "highest_grade": 8,
    "count": 0,
    "name": "Alvah A. Scott Elementary",
    "has_pre_k": false,
    "other_enroll": 0,
    "total_enrolled": 0,
    "allimmune": false,
    "under_19_months": 0,
    "over_19_months": 0,
    "total_prek": 0
  },
  "model": "register.facility",
  "pk": 83
},
{
  "fields": {
    "kinder_enroll": 0,
    "street": "2 Fort Shafter",
    "city": "Honolulu",
    "zip": 96819,
    "lowest_grade": 2,
    "compliant": false,
    "email": null,
    "fax": 8088323562,
    "is_only_pre_k": false,
    "seventh_grade_enroll": 0,
    "phone": 8088323560,
    "district": 1,
    "highest_grade": 8,
    "count": 0,
    "name": "William R. Shafter Elementary",
    "has_pre_k": false,
    "other_enroll": 0,
    "total_enrolled": 0,
    "allimmune": false,
    "under_19_months": 0,
    "over_19_months": 0,
    "total_prek": 0
  },
  "model": "register.facility",
  "pk": 84
},
{
  "fields": {
    "kinder_enroll": 0,
    "street": "1402 Glen Avenue",
    "city": "Wahiawa",
    "zip": 96786,
    "lowest_grade": 2,
    "compliant": false,
    "email": null,
    "fax": 8086226394,
    "is_only_pre_k": false,
    "seventh_grade_enroll": 0,
    "phone": 8086226393,
    "district": 1,
    "highest_grade": 7,
    "count": 0,
    "name": "Wahiawa Elementary",
    "has_pre_k": false,
    "other_enroll": 0,
    "total_enrolled": 0,
    "allimmune": false,
    "under_19_months": 0,
    "over_19_months": 0,
    "total_prek": 0
  },
  "model": "register.facility",
  "pk": 85
},
{
  "fields": {
    "kinder_enroll": 0,
    "street": "275 Rose Street",
    "city": "Wahiawa",
    "zip": 96786,
    "lowest_grade": 8,
    "compliant": false,
    "email": null,
    "fax": 8086226506,
    "is_only_pre_k": false,
    "seventh_grade_enroll": 0,
    "phone": 8086226500,
    "district": 1,
    "highest_grade": 10,
    "count": 0,
    "name": "Wahiawa Middle",
    "has_pre_k": false,
    "other_enroll": 0,
    "total_enrolled": 0,
    "allimmune": false,
    "under_19_months": 0,
    "over_19_months": 0,
    "total_prek": 0
  },
  "model": "register.facility",
  "pk": 86
},
{
  "fields": {
    "kinder_enroll": 0,
    "street": "67-020 Waialua Beach Road",
    "city": "Waialua",
    "zip": 96791,
    "lowest_grade": 2,
    "compliant": false,
    "email": null,
    "fax": 8086378225,
    "is_only_pre_k": false,
    "seventh_grade_enroll": 0,
    "phone": 8086378228,
    "district": 1,
    "highest_grade": 8,
    "count": 0,
    "name": "Waialua Elementary",
    "has_pre_k": false,
    "other_enroll": 0,
    "total_enrolled": 0,
    "allimmune": false,
    "under_19_months": 0,
    "over_19_months": 0,
    "total_prek": 0
  },
  "model": "register.facility",
  "pk": 87
},
{
  "fields": {
    "kinder_enroll": 0,
    "street": "67-160 Farrington Highway",
    "city": "Waialua",
    "zip": 96791,
    "lowest_grade": 9,
    "compliant": false,
    "email": null,
    "fax": 8086378209,
    "is_only_pre_k": false,
    "seventh_grade_enroll": 0,
    "phone": 8086378200,
    "district": 1,
    "highest_grade": 14,
    "count": 0,
    "name": "Waialua High & Intermediate",
    "has_pre_k": false,
    "other_enroll": 0,
    "total_enrolled": 0,
    "allimmune": false,
    "under_19_months": 0,
    "over_19_months": 0,
    "total_prek": 0
  },
  "model": "register.facility",
  "pk": 88
},
{
  "fields": {
    "kinder_enroll": 0,
    "street": "98-825 Moanalua Road",
    "city": "Aiea",
    "zip": 96701,
    "lowest_grade": 2,
    "compliant": false,
    "email": null,
    "fax": 8084837213,
    "is_only_pre_k": false,
    "seventh_grade_enroll": 0,
    "phone": 8084837210,
    "district": 1,
    "highest_grade": 8,
    "count": 0,
    "name": "Waimalu Elementary",
    "has_pre_k": false,
    "other_enroll": 0,
    "total_enrolled": 0,
    "allimmune": false,
    "under_19_months": 0,
    "over_19_months": 0,
    "total_prek": 0
  },
  "model": "register.facility",
  "pk": 89
},
{
  "fields": {
    "kinder_enroll": 0,
    "street": "95-502 Kipapa Drive",
    "city": "Mililani",
    "zip": 96789,
    "lowest_grade": 2,
    "compliant": false,
    "email": null,
    "fax": 8086277455,
    "is_only_pre_k": false,
    "seventh_grade_enroll": 0,
    "phone": 8086277300,
    "district": 1,
    "highest_grade": 7,
    "count": 0,
    "name": "Mililani Waena Elementary",
    "has_pre_k": false,
    "other_enroll": 0,
    "total_enrolled": 0,
    "allimmune": false,
    "under_19_months": 0,
    "over_19_months": 0,
    "total_prek": 0
  },
  "model": "register.facility",
  "pk": 90
},
{
  "fields": {
    "kinder_enroll": 0,
    "street": "99-370 Paihi Street",
    "city": "Aiea",
    "zip": 96701,
    "lowest_grade": 2,
    "compliant": false,
    "email": null,
    "fax": 8084837242,
    "is_only_pre_k": false,
    "seventh_grade_enroll": 0,
    "phone": 8084837240,
    "district": 1,
    "highest_grade": 8,
    "count": 0,
    "name": "Gustave H. Webling Elementary",
    "has_pre_k": false,
    "other_enroll": 0,
    "total_enrolled": 0,
    "allimmune": false,
    "under_19_months": 0,
    "over_19_months": 0,
    "total_prek": 0
  },
  "model": "register.facility",
  "pk": 91
},
{
  "fields": {
    "kinder_enroll": 0,
    "street": "1 Wheeler Army Air Field",
    "city": "Wahiawa",
    "zip": 96786,
    "lowest_grade": 2,
    "compliant": false,
    "email": null,
    "fax": 8086226403,
    "is_only_pre_k": false,
    "seventh_grade_enroll": 0,
    "phone": 8086226400,
    "district": 1,
    "highest_grade": 7,
    "count": 0,
    "name": "Major Sheldon Wheeler Elementary",
    "has_pre_k": false,
    "other_enroll": 0,
    "total_enrolled": 0,
    "allimmune": false,
    "under_19_months": 0,
    "over_19_months": 0,
    "total_prek": 0
  },
  "model": "register.facility",
  "pk": 92
},
{
  "fields": {
    "kinder_enroll": 0,
    "street": "2 Wheeler Army Air Field",
    "city": "Wahiawa",
    "zip": 96786,
    "lowest_grade": 8,
    "compliant": false,
    "email": null,
    "fax": 8086226529,
    "is_only_pre_k": false,
    "seventh_grade_enroll": 0,
    "phone": 8086226525,
    "district": 1,
    "highest_grade": 10,
    "count": 0,
    "name": "Major Sheldon Wheeler Middle",
    "has_pre_k": false,
    "other_enroll": 0,
    "total_enrolled": 0,
    "allimmune": false,
    "under_19_months": 0,
    "over_19_months": 0,
    "total_prek": 0
  },
  "model": "register.facility",
  "pk": 93
},
{
  "fields": {
    "kinder_enroll": 0,
    "street": "95-1140 Lehiwa Drive",
    "city": "Mililani",
    "zip": 96789,
    "lowest_grade": 8,
    "compliant": false,
    "email": null,
    "fax": 8086267358,
    "is_only_pre_k": false,
    "seventh_grade_enroll": 0,
    "phone": 8086267355,
    "district": 1,
    "highest_grade": 10,
    "count": 0,
    "name": "Mililani Middle",
    "has_pre_k": false,
    "other_enroll": 0,
    "total_enrolled": 0,
    "allimmune": false,
    "under_19_months": 0,
    "over_19_months": 0,
    "total_prek": 0
  },
  "model": "register.facility",
  "pk": 94
},
{
  "fields": {
    "kinder_enroll": 0,
    "street": "1131 Ala Lilikoi Street",
    "city": "Honolulu",
    "zip": 96818,
    "lowest_grade": 2,
    "compliant": false,
    "email": null,
    "fax": 8088317873,
    "is_only_pre_k": false,
    "seventh_grade_enroll": 0,
    "phone": 8088317870,
    "district": 1,
    "highest_grade": 8,
    "count": 0,
    "name": "Salt Lake Elementary",
    "has_pre_k": false,
    "other_enroll": 0,
    "total_enrolled": 0,
    "allimmune": false,
    "under_19_months": 0,
    "over_19_months": 0,
    "total_prek": 0
  },
  "model": "register.facility",
  "pk": 95
},
{
  "fields": {
    "kinder_enroll": 0,
    "street": "95-1330 Lehiwa Drive",
    "city": "Mililani",
    "zip": 96789,
    "lowest_grade": 2,
    "compliant": false,
    "email": null,
    "fax": 8086262958,
    "is_only_pre_k": false,
    "seventh_grade_enroll": 0,
    "phone": 8086262980,
    "district": 1,
    "highest_grade": 7,
    "count": 0,
    "name": "Mililani Ike Elementary",
    "has_pre_k": false,
    "other_enroll": 0,
    "total_enrolled": 0,
    "allimmune": false,
    "under_19_months": 0,
    "over_19_months": 0,
    "total_prek": 0
  },
  "model": "register.facility",
  "pk": 96
},
{
  "fields": {
    "kinder_enroll": 0,
    "street": "95-1111 Makaikai Street",
    "city": "Mililani",
    "zip": 96789,
    "lowest_grade": 2,
    "compliant": false,
    "email": null,
    "fax": 8086263006,
    "is_only_pre_k": false,
    "seventh_grade_enroll": 0,
    "phone": 8086263350,
    "district": 1,
    "highest_grade": 7,
    "count": 0,
    "name": "Mililani Mauka Elementary",
    "has_pre_k": false,
    "other_enroll": 0,
    "total_enrolled": 0,
    "allimmune": false,
    "under_19_months": 0,
    "over_19_months": 0,
    "total_prek": 0
  },
  "model": "register.facility",
  "pk": 97
},
{
  "fields": {
    "kinder_enroll": 0,
    "street": "94-380 Kuahelani Avenue",
    "city": "Mililani",
    "zip": 96789,
    "lowest_grade": 2,
    "compliant": false,
    "email": null,
    "fax": 8086277387,
    "is_only_pre_k": false,
    "seventh_grade_enroll": 0,
    "phone": 8086277303,
    "district": 1,
    "highest_grade": 7,
    "count": 0,
    "name": "Mililani Uka Elementary",
    "has_pre_k": false,
    "other_enroll": 0,
    "total_enrolled": 0,
    "allimmune": false,
    "under_19_months": 0,
    "over_19_months": 0,
    "total_prek": 0
  },
  "model": "register.facility",
  "pk": 98
},
{
  "fields": {
    "kinder_enroll": 0,
    "street": "98-940 Moanalua Road",
    "city": "Aiea",
    "zip": 96701,
    "lowest_grade": 2,
    "compliant": false,
    "email": null,
    "fax": 8084837255,
    "is_only_pre_k": false,
    "seventh_grade_enroll": 0,
    "phone": 8084837250,
    "district": 1,
    "highest_grade": 8,
    "count": 0,
    "name": "Pearl Ridge Elementary",
    "has_pre_k": false,
    "other_enroll": 0,
    "total_enrolled": 0,
    "allimmune": false,
    "under_19_months": 0,
    "over_19_months": 0,
    "total_prek": 0
  },
  "model": "register.facility",
  "pk": 99
},
{
  "fields": {
    "kinder_enroll": 0,
    "street": "94-1170 Waipahu Street",
    "city": "Waipahu",
    "zip": 96797,
    "lowest_grade": 2,
    "compliant": false,
    "email": null,
    "fax": 8086750216,
    "is_only_pre_k": false,
    "seventh_grade_enroll": 0,
    "phone": 8086750202,
    "district": 2,
    "highest_grade": 8,
    "count": 0,
    "name": "August Ahrens Elementary",
    "has_pre_k": false,
    "other_enroll": 0,
    "total_enrolled": 0,
    "allimmune": false,
    "under_19_months": 0,
    "over_19_months": 0,
    "total_prek": 0
  },
  "model": "register.facility",
  "pk": 100
},
{
  "fields": {
    "kinder_enroll": 0,
    "street": "3001 Boxer Road",
    "city": "Kapolei",
    "zip": 96707,
    "lowest_grade": 2,
    "compliant": false,
    "email": null,
    "fax": 8086737403,
    "is_only_pre_k": false,
    "seventh_grade_enroll": 0,
    "phone": 8086737400,
    "district": 2,
    "highest_grade": 7,
    "count": 0,
    "name": "Barbers Point Elementary",
    "has_pre_k": false,
    "other_enroll": 0,
    "total_enrolled": 0,
    "allimmune": false,
    "under_19_months": 0,
    "over_19_months": 0,
    "total_prek": 0
  },
  "model": "register.facility",
  "pk": 101
},
{
  "fields": {
    "kinder_enroll": 0,
    "street": "91-980 North Road",
    "city": "Ewa Beach",
    "zip": 96706,
    "lowest_grade": 11,
    "compliant": false,
    "email": null,
    "fax": 8086891242,
    "is_only_pre_k": false,
    "seventh_grade_enroll": 0,
    "phone": 8086891200,
    "district": 2,
    "highest_grade": 14,
    "count": 0,
    "name": "James Campbell High",
    "has_pre_k": false,
    "other_enroll": 0,
    "total_enrolled": 0,
    "allimmune": false,
    "under_19_months": 0,
    "over_19_months": 0,
    "total_prek": 0
  },
  "model": "register.facility",
  "pk": 102
},
{
  "fields": {
    "kinder_enroll": 0,
    "street": "91-1280 Renton Road",
    "city": "Ewa Beach",
    "zip": 96706,
    "lowest_grade": 2,
    "compliant": false,
    "email": null,
    "fax": 8086818206,
    "is_only_pre_k": false,
    "seventh_grade_enroll": 0,
    "phone": 8086818202,
    "district": 2,
    "highest_grade": 8,
    "count": 0,
    "name": "Ewa Elementary",
    "has_pre_k": false,
    "other_enroll": 0,
    "total_enrolled": 0,
    "allimmune": false,
    "under_19_months": 0,
    "over_19_months": 0,
    "total_prek": 0
  },
  "model": "register.facility",
  "pk": 103
},
{
  "fields": {
    "kinder_enroll": 0,
    "street": "91-740 Papipi Road",
    "city": "Ewa Beach",
    "zip": 96706,
    "lowest_grade": 2,
    "compliant": false,
    "email": null,
    "fax": 8086891275,
    "is_only_pre_k": false,
    "seventh_grade_enroll": 0,
    "phone": 8086891271,
    "district": 2,
    "highest_grade": 8,
    "count": 0,
    "name": "Ewa Beach Elementary",
    "has_pre_k": false,
    "other_enroll": 0,
    "total_enrolled": 0,
    "allimmune": false,
    "under_19_months": 0,
    "over_19_months": 0,
    "total_prek": 0
  },
  "model": "register.facility",
  "pk": 104
},
{
  "fields": {
    "kinder_enroll": 0,
    "street": "1460 Hoolaulea Street",
    "city": "Pearl City",
    "zip": 96782,
    "lowest_grade": 9,
    "compliant": false,
    "email": null,
    "fax": 8084536484,
    "is_only_pre_k": false,
    "seventh_grade_enroll": 0,
    "phone": 8084536480,
    "district": 2,
    "highest_grade": 10,
    "count": 0,
    "name": "Highlands Intermediate",
    "has_pre_k": false,
    "other_enroll": 0,
    "total_enrolled": 0,
    "allimmune": false,
    "under_19_months": 0,
    "over_19_months": 0,
    "total_prek": 0
  },
  "model": "register.facility",
  "pk": 105
},
{
  "fields": {
    "kinder_enroll": 0,
    "street": "5553 Cormorant Avenue",
    "city": "Ewa Beach",
    "zip": 96706,
    "lowest_grade": 2,
    "compliant": false,
    "email": null,
    "fax": 8084996508,
    "is_only_pre_k": false,
    "seventh_grade_enroll": 0,
    "phone": 8084996500,
    "district": 2,
    "highest_grade": 8,
    "count": 0,
    "name": "Iroquois Point Elementary",
    "has_pre_k": false,
    "other_enroll": 0,
    "total_enrolled": 0,
    "allimmune": false,
    "under_19_months": 0,
    "over_19_months": 0,
    "total_prek": 0
  },
  "model": "register.facility",
  "pk": 106
},
{
  "fields": {
    "kinder_enroll": 0,
    "street": "87-360 Kulaaupuni Street",
    "city": "Waianae",
    "zip": 96792,
    "lowest_grade": 2,
    "compliant": false,
    "email": null,
    "fax": 8086977151,
    "is_only_pre_k": false,
    "seventh_grade_enroll": 0,
    "phone": 8086977150,
    "district": 2,
    "highest_grade": 8,
    "count": 0,
    "name": "Maili Elementary",
    "has_pre_k": false,
    "other_enroll": 0,
    "total_enrolled": 0,
    "allimmune": false,
    "under_19_months": 0,
    "over_19_months": 0,
    "total_prek": 0
  },
  "model": "register.facility",
  "pk": 107
},
{
  "fields": {
    "kinder_enroll": 0,
    "street": "84-200 Ala Naauao Place",
    "city": "Waianae",
    "zip": 96792,
    "lowest_grade": 2,
    "compliant": false,
    "email": null,
    "fax": 8086957905,
    "is_only_pre_k": false,
    "seventh_grade_enroll": 0,
    "phone": 8086957900,
    "district": 2,
    "highest_grade": 8,
    "count": 0,
    "name": "Makaha Elementary",
    "has_pre_k": false,
    "other_enroll": 0,
    "total_enrolled": 0,
    "allimmune": false,
    "under_19_months": 0,
    "over_19_months": 0,
    "total_prek": 0
  },
  "model": "register.facility",
  "pk": 108
},
{
  "fields": {
    "kinder_enroll": 0,
    "street": "92-675 Anipeahi Street",
    "city": "Kapolei",
    "zip": 96707,
    "lowest_grade": 2,
    "compliant": false,
    "email": null,
    "fax": 8086721128,
    "is_only_pre_k": false,
    "seventh_grade_enroll": 0,
    "phone": 8086721122,
    "district": 2,
    "highest_grade": 7,
    "count": 0,
    "name": "Makakilo Elementary",
    "has_pre_k": false,
    "other_enroll": 0,
    "total_enrolled": 0,
    "allimmune": false,
    "under_19_months": 0,
    "over_19_months": 0,
    "total_prek": 0
  },
  "model": "register.facility",
  "pk": 109
},
{
  "fields": {
    "kinder_enroll": 0,
    "street": "1147 Kumano Street",
    "city": "Pearl City",
    "zip": 96782,
    "lowest_grade": 2,
    "compliant": false,
    "email": null,
    "fax": 8084536437,
    "is_only_pre_k": false,
    "seventh_grade_enroll": 0,
    "phone": 8084536430,
    "district": 2,
    "highest_grade": 8,
    "count": 0,
    "name": "Manana Elementary",
    "has_pre_k": false,
    "other_enroll": 0,
    "total_enrolled": 0,
    "allimmune": false,
    "under_19_months": 0,
    "over_19_months": 0,
    "total_prek": 0
  },
  "model": "register.facility",
  "pk": 110
},
{
  "fields": {
    "kinder_enroll": 0,
    "street": "89-153 Mano Avenue",
    "city": "Waianae",
    "zip": 96792,
    "lowest_grade": 2,
    "compliant": false,
    "email": null,
    "fax": 8086685890,
    "is_only_pre_k": false,
    "seventh_grade_enroll": 0,
    "phone": 8086685800,
    "district": 2,
    "highest_grade": 8,
    "count": 0,
    "name": "Nanaikapono Elementary",
    "has_pre_k": false,
    "other_enroll": 0,
    "total_enrolled": 0,
    "allimmune": false,
    "under_19_months": 0,
    "over_19_months": 0,
    "total_prek": 0
  },
  "model": "register.facility",
  "pk": 111
},
{
  "fields": {
    "kinder_enroll": 0,
    "street": "89-778 Haleakala Avenue",
    "city": "Waianae",
    "zip": 96792,
    "lowest_grade": 2,
    "compliant": false,
    "email": null,
    "fax": 8086685817,
    "is_only_pre_k": false,
    "seventh_grade_enroll": 0,
    "phone": 8086685813,
    "district": 2,
    "highest_grade": 8,
    "count": 0,
    "name": "Nanakuli Elementary",
    "has_pre_k": false,
    "other_enroll": 0,
    "total_enrolled": 0,
    "allimmune": false,
    "under_19_months": 0,
    "over_19_months": 0,
    "total_prek": 0
  },
  "model": "register.facility",
  "pk": 112
},
{
  "fields": {
    "kinder_enroll": 0,
    "street": "89-980 Nanakuli Avenue",
    "city": "Waianae",
    "zip": 96792,
    "lowest_grade": 9,
    "compliant": false,
    "email": null,
    "fax": 8086685828,
    "is_only_pre_k": false,
    "seventh_grade_enroll": 0,
    "phone": 8086685823,
    "district": 2,
    "highest_grade": 14,
    "count": 0,
    "name": "Nanakuli High & Intermediate",
    "has_pre_k": false,
    "other_enroll": 0,
    "total_enrolled": 0,
    "allimmune": false,
    "under_19_months": 0,
    "over_19_months": 0,
    "total_prek": 0
  },
  "model": "register.facility",
  "pk": 113
},
{
  "fields": {
    "kinder_enroll": 0,
    "street": "2306 Auhuhu Street",
    "city": "Pearl City",
    "zip": 96782,
    "lowest_grade": 2,
    "compliant": false,
    "email": null,
    "fax": 8084535910,
    "is_only_pre_k": false,
    "seventh_grade_enroll": 0,
    "phone": 8084536550,
    "district": 2,
    "highest_grade": 8,
    "count": 0,
    "name": "Palisades Elementary",
    "has_pre_k": false,
    "other_enroll": 0,
    "total_enrolled": 0,
    "allimmune": false,
    "under_19_months": 0,
    "over_19_months": 0,
    "total_prek": 0
  },
  "model": "register.facility",
  "pk": 114
},
{
  "fields": {
    "kinder_enroll": 0,
    "street": "1090 Waimano Home Road",
    "city": "Pearl City",
    "zip": 96782,
    "lowest_grade": 2,
    "compliant": false,
    "email": null,
    "fax": 8084536467,
    "is_only_pre_k": false,
    "seventh_grade_enroll": 0,
    "phone": 8084536455,
    "district": 2,
    "highest_grade": 8,
    "count": 0,
    "name": "Pearl City Elementary",
    "has_pre_k": false,
    "other_enroll": 0,
    "total_enrolled": 0,
    "allimmune": false,
    "under_19_months": 0,
    "over_19_months": 0,
    "total_prek": 0
  },
  "model": "register.facility",
  "pk": 115
},
{
  "fields": {
    "kinder_enroll": 0,
    "street": "2100 Hookiekie Street",
    "city": "Pearl City",
    "zip": 96782,
    "lowest_grade": 11,
    "compliant": false,
    "email": null,
    "fax": 8084536521,
    "is_only_pre_k": false,
    "seventh_grade_enroll": 0,
    "phone": 8084536500,
    "district": 2,
    "highest_grade": 14,
    "count": 0,
    "name": "Pearl City High",
    "has_pre_k": false,
    "other_enroll": 0,
    "total_enrolled": 0,
    "allimmune": false,
    "under_19_months": 0,
    "over_19_months": 0,
    "total_prek": 0
  },
  "model": "register.facility",
  "pk": 116
},
{
  "fields": {
    "kinder_enroll": 0,
    "street": "1419 Waimano Home Road",
    "city": "Pearl City",
    "zip": 96782,
    "lowest_grade": 2,
    "compliant": false,
    "email": null,
    "fax": 8084536472,
    "is_only_pre_k": false,
    "seventh_grade_enroll": 0,
    "phone": 8084536470,
    "district": 2,
    "highest_grade": 8,
    "count": 0,
    "name": "Pearl City Highlands Elementary",
    "has_pre_k": false,
    "other_enroll": 0,
    "total_enrolled": 0,
    "allimmune": false,
    "under_19_months": 0,
    "over_19_months": 0,
    "total_prek": 0
  },
  "model": "register.facility",
  "pk": 117
},
{
  "fields": {
    "kinder_enroll": 0,
    "street": "791 Lehua Avenue",
    "city": "Pearl City",
    "zip": 96782,
    "lowest_grade": 2,
    "compliant": false,
    "email": null,
    "fax": 8084536497,
    "is_only_pre_k": false,
    "seventh_grade_enroll": 0,
    "phone": 8084536490,
    "district": 2,
    "highest_grade": 8,
    "count": 0,
    "name": "Lehua Elementary",
    "has_pre_k": false,
    "other_enroll": 0,
    "total_enrolled": 0,
    "allimmune": false,
    "under_19_months": 0,
    "over_19_months": 0,
    "total_prek": 0
  },
  "model": "register.facility",
  "pk": 118
},
{
  "fields": {
    "kinder_enroll": 0,
    "street": "91-750 Fort Weaver Road",
    "city": "Ewa Beach",
    "zip": 96706,
    "lowest_grade": 2,
    "compliant": false,
    "email": null,
    "fax": 8086891293,
    "is_only_pre_k": false,
    "seventh_grade_enroll": 0,
    "phone": 8086891290,
    "district": 2,
    "highest_grade": 8,
    "count": 0,
    "name": "Pohakea Elementary",
    "has_pre_k": false,
    "other_enroll": 0,
    "total_enrolled": 0,
    "allimmune": false,
    "under_19_months": 0,
    "over_19_months": 0,
    "total_prek": 0
  },
  "model": "register.facility",
  "pk": 119
},
{
  "fields": {
    "kinder_enroll": 0,
    "street": "85-220 McArthur Street",
    "city": "Waianae",
    "zip": 96792,
    "lowest_grade": 2,
    "compliant": false,
    "email": null,
    "fax": 8086977090,
    "is_only_pre_k": false,
    "seventh_grade_enroll": 0,
    "phone": 8086977083,
    "district": 2,
    "highest_grade": 8,
    "count": 0,
    "name": "Waianae Elementary",
    "has_pre_k": false,
    "other_enroll": 0,
    "total_enrolled": 0,
    "allimmune": false,
    "under_19_months": 0,
    "over_19_months": 0,
    "total_prek": 0
  },
  "model": "register.facility",
  "pk": 120
},
{
  "fields": {
    "kinder_enroll": 0,
    "street": "86-285 Leihoku Street",
    "city": "Waianae",
    "zip": 96792,
    "lowest_grade": 2,
    "compliant": false,
    "email": null,
    "fax": 8086977142,
    "is_only_pre_k": false,
    "seventh_grade_enroll": 0,
    "phone": 8086977100,
    "district": 2,
    "highest_grade": 8,
    "count": 0,
    "name": "Leihoku Elementary",
    "has_pre_k": false,
    "other_enroll": 0,
    "total_enrolled": 0,
    "allimmune": false,
    "under_19_months": 0,
    "over_19_months": 0,
    "total_prek": 0
  },
  "model": "register.facility",
  "pk": 121
},
{
  "fields": {
    "kinder_enroll": 0,
    "street": "85-251 Farrington Highway",
    "city": "Waianae",
    "zip": 96792,
    "lowest_grade": 11,
    "compliant": false,
    "email": null,
    "fax": 8086977018,
    "is_only_pre_k": false,
    "seventh_grade_enroll": 0,
    "phone": 8086977017,
    "district": 2,
    "highest_grade": 14,
    "count": 0,
    "name": "Waianae High",
    "has_pre_k": false,
    "other_enroll": 0,
    "total_enrolled": 0,
    "allimmune": false,
    "under_19_months": 0,
    "over_19_months": 0,
    "total_prek": 0
  },
  "model": "register.facility",
  "pk": 122
},
{
  "fields": {
    "kinder_enroll": 0,
    "street": "85-626 Farrington Highway",
    "city": "Waianae",
    "zip": 96792,
    "lowest_grade": 9,
    "compliant": false,
    "email": null,
    "fax": 8086977124,
    "is_only_pre_k": false,
    "seventh_grade_enroll": 0,
    "phone": 8086977121,
    "district": 2,
    "highest_grade": 10,
    "count": 0,
    "name": "Waianae Intermediate",
    "has_pre_k": false,
    "other_enroll": 0,
    "total_enrolled": 0,
    "allimmune": false,
    "under_19_months": 0,
    "over_19_months": 0,
    "total_prek": 0
  },
  "model": "register.facility",
  "pk": 123
},
{
  "fields": {
    "kinder_enroll": 0,
    "street": "94-465 Waipahu Street",
    "city": "Waipahu",
    "zip": 96797,
    "lowest_grade": 2,
    "compliant": false,
    "email": null,
    "fax": 8086750121,
    "is_only_pre_k": false,
    "seventh_grade_enroll": 0,
    "phone": 8086750150,
    "district": 2,
    "highest_grade": 8,
    "count": 0,
    "name": "Waipahu Elementary",
    "has_pre_k": false,
    "other_enroll": 0,
    "total_enrolled": 0,
    "allimmune": false,
    "under_19_months": 0,
    "over_19_months": 0,
    "total_prek": 0
  },
  "model": "register.facility",
  "pk": 124
},
{
  "fields": {
    "kinder_enroll": 0,
    "street": "85-180 Ala Akau Street",
    "city": "Waianae",
    "zip": 96792,
    "lowest_grade": 2,
    "compliant": false,
    "email": null,
    "fax": 8086977115,
    "is_only_pre_k": false,
    "seventh_grade_enroll": 0,
    "phone": 8086977110,
    "district": 2,
    "highest_grade": 14,
    "count": 0,
    "name": "Kamaile Academy PCS",
    "has_pre_k": false,
    "other_enroll": 0,
    "total_enrolled": 0,
    "allimmune": false,
    "under_19_months": 0,
    "over_19_months": 0,
    "total_prek": 0
  },
  "model": "register.facility",
  "pk": 125
},
{
  "fields": {
    "kinder_enroll": 0,
    "street": "94-600 Honowai Street",
    "city": "Waipahu",
    "zip": 96797,
    "lowest_grade": 2,
    "compliant": false,
    "email": null,
    "fax": 8086750167,
    "is_only_pre_k": false,
    "seventh_grade_enroll": 0,
    "phone": 8086750165,
    "district": 2,
    "highest_grade": 8,
    "count": 0,
    "name": "Honowai Elementary",
    "has_pre_k": false,
    "other_enroll": 0,
    "total_enrolled": 0,
    "allimmune": false,
    "under_19_months": 0,
    "over_19_months": 0,
    "total_prek": 0
  },
  "model": "register.facility",
  "pk": 126
},
{
  "fields": {
    "kinder_enroll": 0,
    "street": "94-1211 Farrington Highway",
    "city": "Waipahu",
    "zip": 96797,
    "lowest_grade": 11,
    "compliant": false,
    "email": null,
    "fax": 8086750257,
    "is_only_pre_k": false,
    "seventh_grade_enroll": 0,
    "phone": 8086750222,
    "district": 2,
    "highest_grade": 14,
    "count": 0,
    "name": "Waipahu High",
    "has_pre_k": false,
    "other_enroll": 0,
    "total_enrolled": 0,
    "allimmune": false,
    "under_19_months": 0,
    "over_19_months": 0,
    "total_prek": 0
  },
  "model": "register.facility",
  "pk": 127
},
{
  "fields": {
    "kinder_enroll": 0,
    "street": "94-445 Farrington Highway",
    "city": "Waipahu",
    "zip": 96797,
    "lowest_grade": 9,
    "compliant": false,
    "email": null,
    "fax": 8086750181,
    "is_only_pre_k": false,
    "seventh_grade_enroll": 0,
    "phone": 8086750177,
    "district": 2,
    "highest_grade": 10,
    "count": 0,
    "name": "Waipahu Intermediate",
    "has_pre_k": false,
    "other_enroll": 0,
    "total_enrolled": 0,
    "allimmune": false,
    "under_19_months": 0,
    "over_19_months": 0,
    "total_prek": 0
  },
  "model": "register.facility",
  "pk": 128
},
{
  "fields": {
    "kinder_enroll": 0,
    "street": "91-884 Fort Weaver Road",
    "city": "Ewa Beach",
    "zip": 96706,
    "lowest_grade": 9,
    "compliant": false,
    "email": null,
    "fax": 8086891258,
    "is_only_pre_k": false,
    "seventh_grade_enroll": 0,
    "phone": 8086891250,
    "district": 2,
    "highest_grade": 10,
    "count": 0,
    "name": "Ilima Intermediate ",
    "has_pre_k": false,
    "other_enroll": 0,
    "total_enrolled": 0,
    "allimmune": false,
    "under_19_months": 0,
    "over_19_months": 0,
    "total_prek": 0
  },
  "model": "register.facility",
  "pk": 129
},
{
  "fields": {
    "kinder_enroll": 0,
    "street": "91-1561 Keaunui Drive",
    "city": "Ewa Beach",
    "zip": 96706,
    "lowest_grade": 2,
    "compliant": false,
    "email": null,
    "fax": 8086852003,
    "is_only_pre_k": false,
    "seventh_grade_enroll": 0,
    "phone": 8086852000,
    "district": 2,
    "highest_grade": 8,
    "count": 0,
    "name": "Holomua Elementary",
    "has_pre_k": false,
    "other_enroll": 0,
    "total_enrolled": 0,
    "allimmune": false,
    "under_19_months": 0,
    "over_19_months": 0,
    "total_prek": 0
  },
  "model": "register.facility",
  "pk": 130
},
{
  "fields": {
    "kinder_enroll": 0,
    "street": "91-1028 Kaunolu Street",
    "city": "Ewa Beach",
    "zip": 96706,
    "lowest_grade": 2,
    "compliant": false,
    "email": null,
    "fax": 8086891284,
    "is_only_pre_k": false,
    "seventh_grade_enroll": 0,
    "phone": 8086891280,
    "district": 2,
    "highest_grade": 8,
    "count": 0,
    "name": "Kaimiloa Elementary",
    "has_pre_k": false,
    "other_enroll": 0,
    "total_enrolled": 0,
    "allimmune": false,
    "under_19_months": 0,
    "over_19_months": 0,
    "total_prek": 0
  },
  "model": "register.facility",
  "pk": 131
},
{
  "fields": {
    "kinder_enroll": 0,
    "street": "91-1119 Kamaaha Loop",
    "city": "Kapolei",
    "zip": 96707,
    "lowest_grade": 2,
    "compliant": false,
    "email": null,
    "fax": 8086937011,
    "is_only_pre_k": false,
    "seventh_grade_enroll": 0,
    "phone": 8086937000,
    "district": 2,
    "highest_grade": 7,
    "count": 0,
    "name": "Kapolei Elementary",
    "has_pre_k": false,
    "other_enroll": 0,
    "total_enrolled": 0,
    "allimmune": false,
    "under_19_months": 0,
    "over_19_months": 0,
    "total_prek": 0
  },
  "model": "register.facility",
  "pk": 132
},
{
  "fields": {
    "kinder_enroll": 0,
    "street": "94-1091 Oli Loop",
    "city": "Waipahu",
    "zip": 96797,
    "lowest_grade": 2,
    "compliant": false,
    "email": null,
    "fax": 8086750135,
    "is_only_pre_k": false,
    "seventh_grade_enroll": 0,
    "phone": 8086750195,
    "district": 2,
    "highest_grade": 8,
    "count": 0,
    "name": "Kanoelani Elementary",
    "has_pre_k": false,
    "other_enroll": 0,
    "total_enrolled": 0,
    "allimmune": false,
    "under_19_months": 0,
    "over_19_months": 0,
    "total_prek": 0
  },
  "model": "register.facility",
  "pk": 133
},
{
  "fields": {
    "kinder_enroll": 0,
    "street": "2130 Hookiekie Street",
    "city": "Pearl City",
    "zip": 96782,
    "lowest_grade": 2,
    "compliant": false,
    "email": null,
    "fax": 8084536448,
    "is_only_pre_k": false,
    "seventh_grade_enroll": 0,
    "phone": 8084536444,
    "district": 2,
    "highest_grade": 8,
    "count": 0,
    "name": "Momilani Elementary",
    "has_pre_k": false,
    "other_enroll": 0,
    "total_enrolled": 0,
    "allimmune": false,
    "under_19_months": 0,
    "over_19_months": 0,
    "total_prek": 0
  },
  "model": "register.facility",
  "pk": 134
},
{
  "fields": {
    "kinder_enroll": 0,
    "street": "92-1300 Panana Street",
    "city": "Kapolei",
    "zip": 96707,
    "lowest_grade": 2,
    "compliant": false,
    "email": null,
    "fax": 8086721114,
    "is_only_pre_k": false,
    "seventh_grade_enroll": 0,
    "phone": 8086721100,
    "district": 2,
    "highest_grade": 7,
    "count": 0,
    "name": "Mauka Lani Elementary",
    "has_pre_k": false,
    "other_enroll": 0,
    "total_enrolled": 0,
    "allimmune": false,
    "under_19_months": 0,
    "over_19_months": 0,
    "total_prek": 0
  },
  "model": "register.facility",
  "pk": 135
},
{
  "fields": {
    "kinder_enroll": 0,
    "street": "94-665 Kaaholo Street",
    "city": "Waipahu",
    "zip": 96797,
    "lowest_grade": 2,
    "compliant": false,
    "email": null,
    "fax": 8086750269,
    "is_only_pre_k": false,
    "seventh_grade_enroll": 0,
    "phone": 8086750266,
    "district": 2,
    "highest_grade": 8,
    "count": 0,
    "name": "Kaleiopuu Elementary",
    "has_pre_k": false,
    "other_enroll": 0,
    "total_enrolled": 0,
    "allimmune": false,
    "under_19_months": 0,
    "over_19_months": 0,
    "total_prek": 0
  },
  "model": "register.facility",
  "pk": 136
},
{
  "fields": {
    "kinder_enroll": 0,
    "street": "98-450 Hookanike Street",
    "city": "Pearl City",
    "zip": 96782,
    "lowest_grade": 2,
    "compliant": false,
    "email": null,
    "fax": 8084536541,
    "is_only_pre_k": false,
    "seventh_grade_enroll": 0,
    "phone": 8084536530,
    "district": 2,
    "highest_grade": 8,
    "count": 0,
    "name": "Waiau Elementary",
    "has_pre_k": false,
    "other_enroll": 0,
    "total_enrolled": 0,
    "allimmune": false,
    "under_19_months": 0,
    "over_19_months": 0,
    "total_prek": 0
  },
  "model": "register.facility",
  "pk": 137
},
{
  "fields": {
    "kinder_enroll": 0,
    "street": "94-1035 Kukula Street",
    "city": "Waipahu",
    "zip": 96797,
    "lowest_grade": 2,
    "compliant": false,
    "email": null,
    "fax": 8086776106,
    "is_only_pre_k": false,
    "seventh_grade_enroll": 0,
    "phone": 8086776100,
    "district": 2,
    "highest_grade": 8,
    "count": 0,
    "name": "Waikele Elementary",
    "has_pre_k": false,
    "other_enroll": 0,
    "total_enrolled": 0,
    "allimmune": false,
    "under_19_months": 0,
    "over_19_months": 0,
    "total_prek": 0
  },
  "model": "register.facility",
  "pk": 138
},
{
  "fields": {
    "kinder_enroll": 0,
    "street": "91-5335 Kapolei Parkway",
    "city": "Kapolei",
    "zip": 96707,
    "lowest_grade": 8,
    "compliant": false,
    "email": null,
    "fax": 8086937030,
    "is_only_pre_k": false,
    "seventh_grade_enroll": 0,
    "phone": 8086937025,
    "district": 2,
    "highest_grade": 10,
    "count": 0,
    "name": "Kapolei Middle",
    "has_pre_k": false,
    "other_enroll": 0,
    "total_enrolled": 0,
    "allimmune": false,
    "under_19_months": 0,
    "over_19_months": 0,
    "total_prek": 0
  },
  "model": "register.facility",
  "pk": 139
},
{
  "fields": {
    "kinder_enroll": 0,
    "street": "91-5007 Kapolei Parkway",
    "city": "Kapolei",
    "zip": 96707,
    "lowest_grade": 11,
    "compliant": false,
    "email": null,
    "fax": 8086928255,
    "is_only_pre_k": false,
    "seventh_grade_enroll": 0,
    "phone": 8086928200,
    "district": 2,
    "highest_grade": 14,
    "count": 0,
    "name": "Kapolei High",
    "has_pre_k": false,
    "other_enroll": 0,
    "total_enrolled": 0,
    "allimmune": false,
    "under_19_months": 0,
    "over_19_months": 0,
    "total_prek": 0
  },
  "model": "register.facility",
  "pk": 140
},
{
  "fields": {
    "kinder_enroll": 0,
    "street": "511 Kunehi Street",
    "city": "Kapolei",
    "zip": 96707,
    "lowest_grade": 2,
    "compliant": false,
    "email": null,
    "fax": 0,
    "is_only_pre_k": false,
    "seventh_grade_enroll": 0,
    "phone": 8083058500,
    "district": 2,
    "highest_grade": 7,
    "count": 0,
    "name": "Hookele Elementary School",
    "has_pre_k": false,
    "other_enroll": 0,
    "total_enrolled": 0,
    "allimmune": false,
    "under_19_months": 0,
    "over_19_months": 0,
    "total_prek": 0
  },
  "model": "register.facility",
  "pk": 141
},
{
  "fields": {
    "kinder_enroll": 0,
    "street": "91-970 Kaileolea Drive",
    "city": "Ewa Beach",
    "zip": 96706,
    "lowest_grade": 2,
    "compliant": false,
    "email": null,
    "fax": 8086891350,
    "is_only_pre_k": false,
    "seventh_grade_enroll": 0,
    "phone": 8085307253,
    "district": 2,
    "highest_grade": 8,
    "count": 0,
    "name": "Keoneula Elementary",
    "has_pre_k": false,
    "other_enroll": 0,
    "total_enrolled": 0,
    "allimmune": false,
    "under_19_months": 0,
    "over_19_months": 0,
    "total_prek": 0
  },
  "model": "register.facility",
  "pk": 142
},
{
  "fields": {
    "kinder_enroll": 0,
    "street": "91-6291 Kapolei Parkway",
    "city": "Kapolei",
    "zip": 96706,
    "lowest_grade": 9,
    "compliant": false,
    "email": null,
    "fax": 8086852052,
    "is_only_pre_k": false,
    "seventh_grade_enroll": 0,
    "phone": 8086879500,
    "district": 2,
    "highest_grade": 10,
    "count": 0,
    "name": "Ewa Makai Middle School",
    "has_pre_k": false,
    "other_enroll": 0,
    "total_enrolled": 0,
    "allimmune": false,
    "under_19_months": 0,
    "over_19_months": 0,
    "total_prek": 0
  },
  "model": "register.facility",
  "pk": 143
},
{
  "fields": {
    "kinder_enroll": 0,
    "street": "281 Ilihau Street",
    "city": "Kailua",
    "zip": 96734,
    "lowest_grade": 2,
    "compliant": false,
    "email": null,
    "fax": 8082547962,
    "is_only_pre_k": false,
    "seventh_grade_enroll": 0,
    "phone": 8082547944,
    "district": 10,
    "highest_grade": 8,
    "count": 0,
    "name": "Aikahi Elementary",
    "has_pre_k": false,
    "other_enroll": 0,
    "total_enrolled": 0,
    "allimmune": false,
    "under_19_months": 0,
    "over_19_months": 0,
    "total_prek": 0
  },
  "model": "register.facility",
  "pk": 144
},
{
  "fields": {
    "kinder_enroll": 0,
    "street": "45-386 Kaneohe Bay Drive",
    "city": "Kaneohe",
    "zip": 96744,
    "lowest_grade": 11,
    "compliant": false,
    "email": null,
    "fax": 8082335623,
    "is_only_pre_k": false,
    "seventh_grade_enroll": 0,
    "phone": 8082335600,
    "district": 10,
    "highest_grade": 14,
    "count": 0,
    "name": "James B. Castle High",
    "has_pre_k": false,
    "other_enroll": 0,
    "total_enrolled": 0,
    "allimmune": false,
    "under_19_months": 0,
    "over_19_months": 0,
    "total_prek": 0
  },
  "model": "register.facility",
  "pk": 145
},
{
  "fields": {
    "kinder_enroll": 0,
    "street": "770 Keolu Drive",
    "city": "Kailua",
    "zip": 96734,
    "lowest_grade": 2,
    "compliant": false,
    "email": null,
    "fax": 8082667804,
    "is_only_pre_k": false,
    "seventh_grade_enroll": 0,
    "phone": 8082667800,
    "district": 10,
    "highest_grade": 8,
    "count": 0,
    "name": "Enchanted Lake Elementary",
    "has_pre_k": false,
    "other_enroll": 0,
    "total_enrolled": 0,
    "allimmune": false,
    "under_19_months": 0,
    "over_19_months": 0,
    "total_prek": 0
  },
  "model": "register.facility",
  "pk": 146
},
{
  "fields": {
    "kinder_enroll": 0,
    "street": "54-046 Kamehameha Highway",
    "city": "Hauula",
    "zip": 96717,
    "lowest_grade": 2,
    "compliant": false,
    "email": null,
    "fax": 8082938927,
    "is_only_pre_k": false,
    "seventh_grade_enroll": 0,
    "phone": 8082938925,
    "district": 10,
    "highest_grade": 8,
    "count": 0,
    "name": "Hauula Elementary",
    "has_pre_k": false,
    "other_enroll": 0,
    "total_enrolled": 0,
    "allimmune": false,
    "under_19_months": 0,
    "over_19_months": 0,
    "total_prek": 0
  },
  "model": "register.facility",
  "pk": 147
},
{
  "fields": {
    "kinder_enroll": 0,
    "street": "46-202 Haiku Road",
    "city": "Kaneohe",
    "zip": 96744,
    "lowest_grade": 2,
    "compliant": false,
    "email": null,
    "fax": 8082335679,
    "is_only_pre_k": false,
    "seventh_grade_enroll": 0,
    "phone": 8082335677,
    "district": 10,
    "highest_grade": 8,
    "count": 0,
    "name": "Heeia Elementary",
    "has_pre_k": false,
    "other_enroll": 0,
    "total_enrolled": 0,
    "allimmune": false,
    "under_19_months": 0,
    "over_19_months": 0,
    "total_prek": 0
  },
  "model": "register.facility",
  "pk": 148
},
{
  "fields": {
    "kinder_enroll": 0,
    "street": "51-296 Kamehameha Highway",
    "city": "Kaaawa",
    "zip": 96730,
    "lowest_grade": 2,
    "compliant": false,
    "email": null,
    "fax": 8082377755,
    "is_only_pre_k": false,
    "seventh_grade_enroll": 0,
    "phone": 8082377751,
    "district": 10,
    "highest_grade": 8,
    "count": 0,
    "name": "Kaaawa Elementary",
    "has_pre_k": false,
    "other_enroll": 0,
    "total_enrolled": 0,
    "allimmune": false,
    "under_19_months": 0,
    "over_19_months": 0,
    "total_prek": 0
  },
  "model": "register.facility",
  "pk": 149
},
{
  "fields": {
    "kinder_enroll": 0,
    "street": "47-280 Waihee Road",
    "city": "Kaneohe",
    "zip": 96744,
    "lowest_grade": 2,
    "compliant": false,
    "email": null,
    "fax": 8082393102,
    "is_only_pre_k": false,
    "seventh_grade_enroll": 0,
    "phone": 8082393101,
    "district": 10,
    "highest_grade": 8,
    "count": 0,
    "name": "Kahaluu Elementary",
    "has_pre_k": false,
    "other_enroll": 0,
    "total_enrolled": 0,
    "allimmune": false,
    "under_19_months": 0,
    "over_19_months": 0,
    "total_prek": 0
  },
  "model": "register.facility",
  "pk": 150
},
{
  "fields": {
    "kinder_enroll": 0,
    "street": "56-490 Kamehameha Highway",
    "city": "Kahuku",
    "zip": 96731,
    "lowest_grade": 9,
    "compliant": false,
    "email": null,
    "fax": 8082938960,
    "is_only_pre_k": false,
    "seventh_grade_enroll": 0,
    "phone": 8082938950,
    "district": 10,
    "highest_grade": 14,
    "count": 0,
    "name": "Kahuku High and Intermediate",
    "has_pre_k": false,
    "other_enroll": 0,
    "total_enrolled": 0,
    "allimmune": false,
    "under_19_months": 0,
    "over_19_months": 0,
    "total_prek": 0
  },
  "model": "register.facility",
  "pk": 151
},
{
  "fields": {
    "kinder_enroll": 0,
    "street": "315 Kuulei Road",
    "city": "Kailua",
    "zip": 96734,
    "lowest_grade": 2,
    "compliant": false,
    "email": null,
    "fax": 8082667882,
    "is_only_pre_k": false,
    "seventh_grade_enroll": 0,
    "phone": 8082667878,
    "district": 10,
    "highest_grade": 8,
    "count": 0,
    "name": "Kailua Elementary",
    "has_pre_k": false,
    "other_enroll": 0,
    "total_enrolled": 0,
    "allimmune": false,
    "under_19_months": 0,
    "over_19_months": 0,
    "total_prek": 0
  },
  "model": "register.facility",
  "pk": 152
},
{
  "fields": {
    "kinder_enroll": 0,
    "street": "451 Ulumanu Drive",
    "city": "Kailua",
    "zip": 96734,
    "lowest_grade": 11,
    "compliant": false,
    "email": null,
    "fax": 8082667915,
    "is_only_pre_k": false,
    "seventh_grade_enroll": 0,
    "phone": 8082667900,
    "district": 10,
    "highest_grade": 14,
    "count": 0,
    "name": "Kailua High",
    "has_pre_k": false,
    "other_enroll": 0,
    "total_enrolled": 0,
    "allimmune": false,
    "under_19_months": 0,
    "over_19_months": 0,
    "total_prek": 0
  },
  "model": "register.facility",
  "pk": 153
},
{
  "fields": {
    "kinder_enroll": 0,
    "street": "145 South Kainalu Drive",
    "city": "Kailua",
    "zip": 96734,
    "lowest_grade": 9,
    "compliant": false,
    "email": null,
    "fax": 8082667984,
    "is_only_pre_k": false,
    "seventh_grade_enroll": 0,
    "phone": 8082631500,
    "district": 10,
    "highest_grade": 10,
    "count": 0,
    "name": "Kailua Intermediate",
    "has_pre_k": false,
    "other_enroll": 0,
    "total_enrolled": 0,
    "allimmune": false,
    "under_19_months": 0,
    "over_19_months": 0,
    "total_prek": 0
  },
  "model": "register.facility",
  "pk": 154
},
{
  "fields": {
    "kinder_enroll": 0,
    "street": "165 Kaiholu Street",
    "city": "Kailua",
    "zip": 96734,
    "lowest_grade": 2,
    "compliant": false,
    "email": null,
    "fax": 8082667837,
    "is_only_pre_k": false,
    "seventh_grade_enroll": 0,
    "phone": 8082667835,
    "district": 10,
    "highest_grade": 8,
    "count": 0,
    "name": "Kainalu Elementary",
    "has_pre_k": false,
    "other_enroll": 0,
    "total_enrolled": 0,
    "allimmune": false,
    "under_19_months": 0,
    "over_19_months": 0,
    "total_prek": 0
  },
  "model": "register.facility",
  "pk": 155
},
{
  "fields": {
    "kinder_enroll": 0,
    "street": "730 Iliaina Street",
    "city": "Kailua",
    "zip": 96734,
    "lowest_grade": 11,
    "compliant": false,
    "email": null,
    "fax": 8082547907,
    "is_only_pre_k": false,
    "seventh_grade_enroll": 0,
    "phone": 8082547900,
    "district": 10,
    "highest_grade": 14,
    "count": 0,
    "name": "Kalaheo High",
    "has_pre_k": false,
    "other_enroll": 0,
    "total_enrolled": 0,
    "allimmune": false,
    "under_19_months": 0,
    "over_19_months": 0,
    "total_prek": 0
  },
  "model": "register.facility",
  "pk": 156
},
{
  "fields": {
    "kinder_enroll": 0,
    "street": "45-495 Kamehameha Highway",
    "city": "Kaneohe",
    "zip": 96744,
    "lowest_grade": 2,
    "compliant": false,
    "email": null,
    "fax": 8082339185,
    "is_only_pre_k": false,
    "seventh_grade_enroll": 0,
    "phone": 8082335633,
    "district": 10,
    "highest_grade": 8,
    "count": 0,
    "name": "Kaneohe Elementary",
    "has_pre_k": false,
    "other_enroll": 0,
    "total_enrolled": 0,
    "allimmune": false,
    "under_19_months": 0,
    "over_19_months": 0,
    "total_prek": 0
  },
  "model": "register.facility",
  "pk": 157
},
{
  "fields": {
    "kinder_enroll": 0,
    "street": "45-233 Kulauli Street",
    "city": "Kaneohe",
    "zip": 96744,
    "lowest_grade": 2,
    "compliant": false,
    "email": null,
    "fax": 8082335663,
    "is_only_pre_k": false,
    "seventh_grade_enroll": 0,
    "phone": 8083055900,
    "district": 10,
    "highest_grade": 8,
    "count": 0,
    "name": "Puohala Elementary",
    "has_pre_k": false,
    "other_enroll": 0,
    "total_enrolled": 0,
    "allimmune": false,
    "under_19_months": 0,
    "over_19_months": 0,
    "total_prek": 0
  },
  "model": "register.facility",
  "pk": 158
},
{
  "fields": {
    "kinder_enroll": 0,
    "street": "45-828 Anoi Road",
    "city": "Kaneohe",
    "zip": 96744,
    "lowest_grade": 2,
    "compliant": false,
    "email": null,
    "fax": 8082335651,
    "is_only_pre_k": false,
    "seventh_grade_enroll": 0,
    "phone": 8082335650,
    "district": 10,
    "highest_grade": 8,
    "count": 0,
    "name": "Kapunahala Elementary",
    "has_pre_k": false,
    "other_enroll": 0,
    "total_enrolled": 0,
    "allimmune": false,
    "under_19_months": 0,
    "over_19_months": 0,
    "total_prek": 0
  },
  "model": "register.facility",
  "pk": 159
},
{
  "fields": {
    "kinder_enroll": 0,
    "street": "1416 Keolu Drive",
    "city": "Kailua",
    "zip": 96734,
    "lowest_grade": 2,
    "compliant": false,
    "email": null,
    "fax": 8082667892,
    "is_only_pre_k": false,
    "seventh_grade_enroll": 0,
    "phone": 8082667818,
    "district": 10,
    "highest_grade": 8,
    "count": 0,
    "name": "Keolu Elementary",
    "has_pre_k": false,
    "other_enroll": 0,
    "total_enrolled": 0,
    "allimmune": false,
    "under_19_months": 0,
    "over_19_months": 0,
    "total_prek": 0
  },
  "model": "register.facility",
  "pk": 160
},
{
  "fields": {
    "kinder_enroll": 0,
    "street": "46-155 Kamehameha Highway",
    "city": "Kaneohe",
    "zip": 96744,
    "lowest_grade": 9,
    "compliant": false,
    "email": null,
    "fax": 8082335747,
    "is_only_pre_k": false,
    "seventh_grade_enroll": 0,
    "phone": 8082335727,
    "district": 10,
    "highest_grade": 10,
    "count": 0,
    "name": "Samuel Wilder King Intermediate",
    "has_pre_k": false,
    "other_enroll": 0,
    "total_enrolled": 0,
    "allimmune": false,
    "under_19_months": 0,
    "over_19_months": 0,
    "total_prek": 0
  },
  "model": "register.facility",
  "pk": 161
},
{
  "fields": {
    "kinder_enroll": 0,
    "street": "55-109 Kulanui Street",
    "city": "Laie",
    "zip": 96762,
    "lowest_grade": 2,
    "compliant": false,
    "email": null,
    "fax": 8082938968,
    "is_only_pre_k": false,
    "seventh_grade_enroll": 0,
    "phone": 8082938965,
    "district": 10,
    "highest_grade": 8,
    "count": 0,
    "name": "Laie Elementary",
    "has_pre_k": false,
    "other_enroll": 0,
    "total_enrolled": 0,
    "allimmune": false,
    "under_19_months": 0,
    "over_19_months": 0,
    "total_prek": 0
  },
  "model": "register.facility",
  "pk": 162
},
{
  "fields": {
    "kinder_enroll": 0,
    "street": "140 Alala Road",
    "city": "Kailua",
    "zip": 96734,
    "lowest_grade": 2,
    "compliant": false,
    "email": null,
    "fax": 8082667848,
    "is_only_pre_k": false,
    "seventh_grade_enroll": 0,
    "phone": 8082667844,
    "district": 10,
    "highest_grade": 8,
    "count": 0,
    "name": "Lanikai Elementary PCS",
    "has_pre_k": false,
    "other_enroll": 0,
    "total_enrolled": 0,
    "allimmune": false,
    "under_19_months": 0,
    "over_19_months": 0,
    "total_prek": 0
  },
  "model": "register.facility",
  "pk": 163
},
{
  "fields": {
    "kinder_enroll": 0,
    "street": "1465 Ulupii Street",
    "city": "Kailua",
    "zip": 96734,
    "lowest_grade": 2,
    "compliant": false,
    "email": null,
    "fax": 8082667834,
    "is_only_pre_k": false,
    "seventh_grade_enroll": 0,
    "phone": 8082667822,
    "district": 10,
    "highest_grade": 8,
    "count": 0,
    "name": "Maunawili Elementary",
    "has_pre_k": false,
    "other_enroll": 0,
    "total_enrolled": 0,
    "allimmune": false,
    "under_19_months": 0,
    "over_19_months": 0,
    "total_prek": 0
  },
  "model": "register.facility",
  "pk": 164
},
{
  "fields": {
    "kinder_enroll": 0,
    "street": "1193 Mokapu Blvd.   KMCB Bldg.",
    "city": "Kailua",
    "zip": 96734,
    "lowest_grade": 2,
    "compliant": false,
    "email": null,
    "fax": 8082547969,
    "is_only_pre_k": false,
    "seventh_grade_enroll": 0,
    "phone": 8082547964,
    "district": 10,
    "highest_grade": 8,
    "count": 0,
    "name": "Mokapu Elementary",
    "has_pre_k": false,
    "other_enroll": 0,
    "total_enrolled": 0,
    "allimmune": false,
    "under_19_months": 0,
    "over_19_months": 0,
    "total_prek": 0
  },
  "model": "register.facility",
  "pk": 165
},
{
  "fields": {
    "kinder_enroll": 0,
    "street": "45-259 Waikalua Road",
    "city": "Kaneohe",
    "zip": 96744,
    "lowest_grade": 2,
    "compliant": false,
    "email": null,
    "fax": 8082335689,
    "is_only_pre_k": false,
    "seventh_grade_enroll": 0,
    "phone": 8082335686,
    "district": 10,
    "highest_grade": 8,
    "count": 0,
    "name": "Benjamin Parker Elementary",
    "has_pre_k": false,
    "other_enroll": 0,
    "total_enrolled": 0,
    "allimmune": false,
    "under_19_months": 0,
    "over_19_months": 0,
    "total_prek": 0
  },
  "model": "register.facility",
  "pk": 166
},
{
  "fields": {
    "kinder_enroll": 0,
    "street": "41-133 Huli Street",
    "city": "Waimanalo",
    "zip": 96795,
    "lowest_grade": 2,
    "compliant": false,
    "email": null,
    "fax": 8082590452,
    "is_only_pre_k": false,
    "seventh_grade_enroll": 0,
    "phone": 8082590450,
    "district": 10,
    "highest_grade": 8,
    "count": 0,
    "name": "Blanche Pope Elementary",
    "has_pre_k": false,
    "other_enroll": 0,
    "total_enrolled": 0,
    "allimmune": false,
    "under_19_months": 0,
    "over_19_months": 0,
    "total_prek": 0
  },
  "model": "register.facility",
  "pk": 167
},
{
  "fields": {
    "kinder_enroll": 0,
    "street": "59-360 Kamehameha Highway",
    "city": "Haleiwa",
    "zip": 96712,
    "lowest_grade": 2,
    "compliant": false,
    "email": null,
    "fax": 8086388789,
    "is_only_pre_k": false,
    "seventh_grade_enroll": 0,
    "phone": 8086388777,
    "district": 10,
    "highest_grade": 8,
    "count": 0,
    "name": "Sunset Beach Elementary",
    "has_pre_k": false,
    "other_enroll": 0,
    "total_enrolled": 0,
    "allimmune": false,
    "under_19_months": 0,
    "over_19_months": 0,
    "total_prek": 0
  },
  "model": "register.facility",
  "pk": 168
},
{
  "fields": {
    "kinder_enroll": 0,
    "street": "48-215 Waiahole Valley Road",
    "city": "Kaneohe",
    "zip": 96744,
    "lowest_grade": 2,
    "compliant": false,
    "email": null,
    "fax": 8082393113,
    "is_only_pre_k": false,
    "seventh_grade_enroll": 0,
    "phone": 8082393111,
    "district": 10,
    "highest_grade": 8,
    "count": 0,
    "name": "Waiahole Elementary",
    "has_pre_k": false,
    "other_enroll": 0,
    "total_enrolled": 0,
    "allimmune": false,
    "under_19_months": 0,
    "over_19_months": 0,
    "total_prek": 0
  },
  "model": "register.facility",
  "pk": 169
},
{
  "fields": {
    "kinder_enroll": 0,
    "street": "41-1330 Kalanianaole Highway",
    "city": "Waimanalo",
    "zip": 96795,
    "lowest_grade": 2,
    "compliant": false,
    "email": null,
    "fax": 8082590463,
    "is_only_pre_k": false,
    "seventh_grade_enroll": 0,
    "phone": 8082590460,
    "district": 10,
    "highest_grade": 10,
    "count": 0,
    "name": "Waimanalo Elementary & Intermediate",
    "has_pre_k": false,
    "other_enroll": 0,
    "total_enrolled": 0,
    "allimmune": false,
    "under_19_months": 0,
    "over_19_months": 0,
    "total_prek": 0
  },
  "model": "register.facility",
  "pk": 170
},
{
  "fields": {
    "kinder_enroll": 0,
    "street": "530 Keolu Drive",
    "city": "Kailua",
    "zip": 96734,
    "lowest_grade": 2,
    "compliant": false,
    "email": null,
    "fax": 8082667813,
    "is_only_pre_k": false,
    "seventh_grade_enroll": 0,
    "phone": 8082667811,
    "district": 10,
    "highest_grade": 8,
    "count": 0,
    "name": "Kaelepulu Elementary",
    "has_pre_k": false,
    "other_enroll": 0,
    "total_enrolled": 0,
    "allimmune": false,
    "under_19_months": 0,
    "over_19_months": 0,
    "total_prek": 0
  },
  "model": "register.facility",
  "pk": 171
},
{
  "fields": {
    "kinder_enroll": 0,
    "street": "56-170 Pualalea Street",
    "city": "Kahuku",
    "zip": 96731,
    "lowest_grade": 2,
    "compliant": false,
    "email": null,
    "fax": 8082938985,
    "is_only_pre_k": false,
    "seventh_grade_enroll": 0,
    "phone": 8082938980,
    "district": 10,
    "highest_grade": 8,
    "count": 0,
    "name": "Kahuku Elementary",
    "has_pre_k": false,
    "other_enroll": 0,
    "total_enrolled": 0,
    "allimmune": false,
    "under_19_months": 0,
    "over_19_months": 0,
    "total_prek": 0
  },
  "model": "register.facility",
  "pk": 172
},
{
  "fields": {
    "kinder_enroll": 0,
    "street": "47-470 Hui Aeko Place",
    "city": "Kaneohe",
    "zip": 96744,
    "lowest_grade": 2,
    "compliant": false,
    "email": null,
    "fax": 8082393127,
    "is_only_pre_k": false,
    "seventh_grade_enroll": 0,
    "phone": 8082393125,
    "district": 10,
    "highest_grade": 8,
    "count": 0,
    "name": "Ahuimanu Elementary",
    "has_pre_k": false,
    "other_enroll": 0,
    "total_enrolled": 0,
    "allimmune": false,
    "under_19_months": 0,
    "over_19_months": 0,
    "total_prek": 0
  },
  "model": "register.facility",
  "pk": 173
},
{
  "fields": {
    "kinder_enroll": 0,
    "street": "278 Ainako Avenue",
    "city": "Hilo",
    "zip": 96720,
    "lowest_grade": 2,
    "compliant": false,
    "email": null,
    "fax": 8089744858,
    "is_only_pre_k": false,
    "seventh_grade_enroll": 0,
    "phone": 8089744855,
    "district": 4,
    "highest_grade": 8,
    "count": 0,
    "name": "Ernest Bowen de Silva Elementary",
    "has_pre_k": false,
    "other_enroll": 0,
    "total_enrolled": 0,
    "allimmune": false,
    "under_19_months": 0,
    "over_19_months": 0,
    "total_prek": 0
  },
  "model": "register.facility",
  "pk": 174
},
{
  "fields": {
    "kinder_enroll": 0,
    "street": "121 Haaheo Road",
    "city": "Hilo",
    "zip": 96720,
    "lowest_grade": 2,
    "compliant": false,
    "email": null,
    "fax": 8089744112,
    "is_only_pre_k": false,
    "seventh_grade_enroll": 0,
    "phone": 8089744111,
    "district": 4,
    "highest_grade": 8,
    "count": 0,
    "name": "Haaheo Elementary",
    "has_pre_k": false,
    "other_enroll": 0,
    "total_enrolled": 0,
    "allimmune": false,
    "under_19_months": 0,
    "over_19_months": 0,
    "total_prek": 0
  },
  "model": "register.facility",
  "pk": 175
},
{
  "fields": {
    "kinder_enroll": 0,
    "street": "16-680 Keaau-Pahoa Road",
    "city": "Keaau",
    "zip": 96749,
    "lowest_grade": 2,
    "compliant": false,
    "email": null,
    "fax": 8089824217,
    "is_only_pre_k": false,
    "seventh_grade_enroll": 0,
    "phone": 8089824210,
    "district": 4,
    "highest_grade": 7,
    "count": 0,
    "name": "Keaau Elementary",
    "has_pre_k": false,
    "other_enroll": 0,
    "total_enrolled": 0,
    "allimmune": false,
    "under_19_months": 0,
    "over_19_months": 0,
    "total_prek": 0
  },
  "model": "register.facility",
  "pk": 176
},
{
  "fields": {
    "kinder_enroll": 0,
    "street": "16-725 Keaau-Pahoa Road",
    "city": "Keaau",
    "zip": 96749,
    "lowest_grade": 11,
    "compliant": false,
    "email": null,
    "fax": 8089824224,
    "is_only_pre_k": false,
    "seventh_grade_enroll": 0,
    "phone": 8089824220,
    "district": 4,
    "highest_grade": 14,
    "count": 0,
    "name": "Keaau High",
    "has_pre_k": false,
    "other_enroll": 0,
    "total_enrolled": 0,
    "allimmune": false,
    "under_19_months": 0,
    "over_19_months": 0,
    "total_prek": 0
  },
  "model": "register.facility",
  "pk": 177
},
{
  "fields": {
    "kinder_enroll": 0,
    "street": "556 Waianuenue Avenue",
    "city": "Hilo",
    "zip": 96720,
    "lowest_grade": 11,
    "compliant": false,
    "email": null,
    "fax": 8089744036,
    "is_only_pre_k": false,
    "seventh_grade_enroll": 0,
    "phone": 8089744021,
    "district": 4,
    "highest_grade": 14,
    "count": 0,
    "name": "Hilo High",
    "has_pre_k": false,
    "other_enroll": 0,
    "total_enrolled": 0,
    "allimmune": false,
    "under_19_months": 0,
    "over_19_months": 0,
    "total_prek": 0
  },
  "model": "register.facility",
  "pk": 178
},
{
  "fields": {
    "kinder_enroll": 0,
    "street": "587 Waianuenue Avenue",
    "city": "Hilo",
    "zip": 96720,
    "lowest_grade": 9,
    "compliant": false,
    "email": null,
    "fax": 8089746184,
    "is_only_pre_k": false,
    "seventh_grade_enroll": 0,
    "phone": 8089744955,
    "district": 4,
    "highest_grade": 10,
    "count": 0,
    "name": "Hilo Intermediate",
    "has_pre_k": false,
    "other_enroll": 0,
    "total_enrolled": 0,
    "allimmune": false,
    "under_19_months": 0,
    "over_19_months": 0,
    "total_prek": 0
  },
  "model": "register.facility",
  "pk": 179
},
{
  "fields": {
    "kinder_enroll": 0,
    "street": "506 Waianuenue Avenue",
    "city": "Hilo",
    "zip": 96720,
    "lowest_grade": 2,
    "compliant": false,
    "email": null,
    "fax": 8089330905,
    "is_only_pre_k": false,
    "seventh_grade_enroll": 0,
    "phone": 8089330900,
    "district": 4,
    "highest_grade": 8,
    "count": 0,
    "name": "Hilo Union Elementary",
    "has_pre_k": false,
    "other_enroll": 0,
    "total_enrolled": 0,
    "allimmune": false,
    "under_19_months": 0,
    "over_19_months": 0,
    "total_prek": 0
  },
  "model": "register.facility",
  "pk": 180
},
{
  "fields": {
    "kinder_enroll": 0,
    "street": "76-5957 Mamalahoa Highway",
    "city": "Holualoa",
    "zip": 96725,
    "lowest_grade": 2,
    "compliant": false,
    "email": null,
    "fax": 8083224801,
    "is_only_pre_k": false,
    "seventh_grade_enroll": 0,
    "phone": 8083224800,
    "district": 4,
    "highest_grade": 7,
    "count": 0,
    "name": "Holualoa Elementary",
    "has_pre_k": false,
    "other_enroll": 0,
    "total_enrolled": 0,
    "allimmune": false,
    "under_19_months": 0,
    "over_19_months": 0,
    "total_prek": 0
  },
  "model": "register.facility",
  "pk": 181
},
{
  "fields": {
    "kinder_enroll": 0,
    "street": "83-5360 Mamalahoa Highway",
    "city": "Captain Cook",
    "zip": 96704,
    "lowest_grade": 2,
    "compliant": false,
    "email": null,
    "fax": 8083282729,
    "is_only_pre_k": false,
    "seventh_grade_enroll": 0,
    "phone": 8083282727,
    "district": 4,
    "highest_grade": 7,
    "count": 0,
    "name": "Honaunau Elementary",
    "has_pre_k": false,
    "other_enroll": 0,
    "total_enrolled": 0,
    "allimmune": false,
    "under_19_months": 0,
    "over_19_months": 0,
    "total_prek": 0
  },
  "model": "register.facility",
  "pk": 182
},
{
  "fields": {
    "kinder_enroll": 0,
    "street": "45-527 Pakalana Street",
    "city": "Honokaa",
    "zip": 96727,
    "lowest_grade": 9,
    "compliant": false,
    "email": null,
    "fax": 8087758803,
    "is_only_pre_k": false,
    "seventh_grade_enroll": 0,
    "phone": 8087758800,
    "district": 4,
    "highest_grade": 14,
    "count": 0,
    "name": "Honokaa High and Intermediate",
    "has_pre_k": false,
    "other_enroll": 0,
    "total_enrolled": 0,
    "allimmune": false,
    "under_19_months": 0,
    "over_19_months": 0,
    "total_prek": 0
  },
  "model": "register.facility",
  "pk": 183
},
{
  "fields": {
    "kinder_enroll": 0,
    "street": "45-534 Pakalana Street",
    "city": "Honokaa",
    "zip": 96727,
    "lowest_grade": 2,
    "compliant": false,
    "email": null,
    "fax": 8087758828,
    "is_only_pre_k": false,
    "seventh_grade_enroll": 0,
    "phone": 8087758820,
    "district": 4,
    "highest_grade": 8,
    "count": 0,
    "name": "Honokaa Elementary",
    "has_pre_k": false,
    "other_enroll": 0,
    "total_enrolled": 0,
    "allimmune": false,
    "under_19_months": 0,
    "over_19_months": 0,
    "total_prek": 0
  },
  "model": "register.facility",
  "pk": 184
},
{
  "fields": {
    "kinder_enroll": 0,
    "street": "86-4355 Mamalahoa Highway",
    "city": "Captain Cook",
    "zip": 96704,
    "lowest_grade": 2,
    "compliant": false,
    "email": null,
    "fax": 8083282712,
    "is_only_pre_k": false,
    "seventh_grade_enroll": 0,
    "phone": 8083282710,
    "district": 4,
    "highest_grade": 7,
    "count": 0,
    "name": "Hookena Elementary",
    "has_pre_k": false,
    "other_enroll": 0,
    "total_enrolled": 0,
    "allimmune": false,
    "under_19_months": 0,
    "over_19_months": 0,
    "total_prek": 0
  },
  "model": "register.facility",
  "pk": 185
},
{
  "fields": {
    "kinder_enroll": 0,
    "street": "27-330 Old Mamalahoa Highway",
    "city": "Papaikou",
    "zip": 96781,
    "lowest_grade": 2,
    "compliant": false,
    "email": null,
    "fax": 8089649703,
    "is_only_pre_k": false,
    "seventh_grade_enroll": 0,
    "phone": 8089649700,
    "district": 4,
    "highest_grade": 10,
    "count": 0,
    "name": "Kalanianaole Elementary and Intermediate",
    "has_pre_k": false,
    "other_enroll": 0,
    "total_enrolled": 0,
    "allimmune": false,
    "under_19_months": 0,
    "over_19_months": 0,
    "total_prek": 0
  },
  "model": "register.facility",
  "pk": 186
},
{
  "fields": {
    "kinder_enroll": 0,
    "street": "53-4155 Akoni Pule Highway",
    "city": "Kapaau",
    "zip": 96755,
    "lowest_grade": 8,
    "compliant": false,
    "email": null,
    "fax": 8088897121,
    "is_only_pre_k": false,
    "seventh_grade_enroll": 0,
    "phone": 8088897119,
    "district": 4,
    "highest_grade": 10,
    "count": 0,
    "name": "Kohala Middle",
    "has_pre_k": false,
    "other_enroll": 0,
    "total_enrolled": 0,
    "allimmune": false,
    "under_19_months": 0,
    "over_19_months": 0,
    "total_prek": 0
  },
  "model": "register.facility",
  "pk": 187
},
{
  "fields": {
    "kinder_enroll": 0,
    "street": "966 Kilauea Avenue",
    "city": "Hilo",
    "zip": 96720,
    "lowest_grade": 2,
    "compliant": false,
    "email": null,
    "fax": 8089744161,
    "is_only_pre_k": false,
    "seventh_grade_enroll": 0,
    "phone": 8089744160,
    "district": 4,
    "highest_grade": 8,
    "count": 0,
    "name": "Chiefess Kapiolani Elementary",
    "has_pre_k": false,
    "other_enroll": 0,
    "total_enrolled": 0,
    "allimmune": false,
    "under_19_months": 0,
    "over_19_months": 0,
    "total_prek": 0
  },
  "model": "register.facility",
  "pk": 188
},
{
  "fields": {
    "kinder_enroll": 0,
    "street": "96-3150 Pikake Street",
    "city": "Pahala",
    "zip": 96777,
    "lowest_grade": 2,
    "compliant": false,
    "email": null,
    "fax": 8089282092,
    "is_only_pre_k": false,
    "seventh_grade_enroll": 0,
    "phone": 8083134100,
    "district": 4,
    "highest_grade": 14,
    "count": 0,
    "name": "Kau High & Pahala Elementary",
    "has_pre_k": false,
    "other_enroll": 0,
    "total_enrolled": 0,
    "allimmune": false,
    "under_19_months": 0,
    "over_19_months": 0,
    "total_prek": 0
  },
  "model": "register.facility",
  "pk": 189
},
{
  "fields": {
    "kinder_enroll": 0,
    "street": "1710 Kaumana Drive",
    "city": "Hilo",
    "zip": 96720,
    "lowest_grade": 2,
    "compliant": false,
    "email": null,
    "fax": 8089744197,
    "is_only_pre_k": false,
    "seventh_grade_enroll": 0,
    "phone": 8089744190,
    "district": 4,
    "highest_grade": 8,
    "count": 0,
    "name": "Kaumana Elementary",
    "has_pre_k": false,
    "other_enroll": 0,
    "total_enrolled": 0,
    "allimmune": false,
    "under_19_months": 0,
    "over_19_months": 0,
    "total_prek": 0
  },
  "model": "register.facility",
  "pk": 190
},
{
  "fields": {
    "kinder_enroll": 0,
    "street": "16-565  Keaau-Pahoa Road",
    "city": "Keaau",
    "zip": 96749,
    "lowest_grade": 8,
    "compliant": false,
    "email": null,
    "fax": 8089824219,
    "is_only_pre_k": false,
    "seventh_grade_enroll": 0,
    "phone": 8089824200,
    "district": 4,
    "highest_grade": 10,
    "count": 0,
    "name": "Keaau Middle",
    "has_pre_k": false,
    "other_enroll": 0,
    "total_enrolled": 0,
    "allimmune": false,
    "under_19_months": 0,
    "over_19_months": 0,
    "total_prek": 0
  },
  "model": "register.facility",
  "pk": 191
},
{
  "fields": {
    "kinder_enroll": 0,
    "street": "76-147 Royal Poinciana Drive",
    "city": "Kailua-Kona",
    "zip": 96740,
    "lowest_grade": 2,
    "compliant": false,
    "email": null,
    "fax": 8083274333,
    "is_only_pre_k": false,
    "seventh_grade_enroll": 0,
    "phone": 8083274313,
    "district": 4,
    "highest_grade": 7,
    "count": 0,
    "name": "Kahakai Elementary",
    "has_pre_k": false,
    "other_enroll": 0,
    "total_enrolled": 0,
    "allimmune": false,
    "under_19_months": 0,
    "over_19_months": 0,
    "total_prek": 0
  },
  "model": "register.facility",
  "pk": 192
},
{
  "fields": {
    "kinder_enroll": 0,
    "street": "240 Desha Avenue",
    "city": "Hilo",
    "zip": 96720,
    "lowest_grade": 2,
    "compliant": false,
    "email": null,
    "fax": 8089744868,
    "is_only_pre_k": false,
    "seventh_grade_enroll": 0,
    "phone": 8089744181,
    "district": 4,
    "highest_grade": 8,
    "count": 0,
    "name": "Keaukaha Elementary",
    "has_pre_k": false,
    "other_enroll": 0,
    "total_enrolled": 0,
    "allimmune": false,
    "under_19_months": 0,
    "over_19_months": 0,
    "total_prek": 0
  },
  "model": "register.facility",
  "pk": 193
},
{
  "fields": {
    "kinder_enroll": 0,
    "street": "54-3611 Akoni Pule Highway",
    "city": "Kapaau",
    "zip": 96755,
    "lowest_grade": 11,
    "compliant": false,
    "email": null,
    "fax": 8088897120,
    "is_only_pre_k": false,
    "seventh_grade_enroll": 0,
    "phone": 8088897117,
    "district": 4,
    "highest_grade": 14,
    "count": 0,
    "name": "Kohala High",
    "has_pre_k": false,
    "other_enroll": 0,
    "total_enrolled": 0,
    "allimmune": false,
    "under_19_months": 0,
    "over_19_months": 0,
    "total_prek": 0
  },
  "model": "register.facility",
  "pk": 194
},
{
  "fields": {
    "kinder_enroll": 0,
    "street": "81-1043 Konawaena School Road",
    "city": "Kealakekua",
    "zip": 96750,
    "lowest_grade": 11,
    "compliant": false,
    "email": null,
    "fax": 8083234515,
    "is_only_pre_k": false,
    "seventh_grade_enroll": 0,
    "phone": 8083234500,
    "district": 4,
    "highest_grade": 14,
    "count": 0,
    "name": "Konawaena High",
    "has_pre_k": false,
    "other_enroll": 0,
    "total_enrolled": 0,
    "allimmune": false,
    "under_19_months": 0,
    "over_19_months": 0,
    "total_prek": 0
  },
  "model": "register.facility",
  "pk": 195
},
{
  "fields": {
    "kinder_enroll": 0,
    "street": "81-901 Onouli Road",
    "city": "Kealakekua",
    "zip": 96750,
    "lowest_grade": 2,
    "compliant": false,
    "email": null,
    "fax": 8083234551,
    "is_only_pre_k": false,
    "seventh_grade_enroll": 0,
    "phone": 8083234555,
    "district": 4,
    "highest_grade": 7,
    "count": 0,
    "name": "Konawaena Elementary",
    "has_pre_k": false,
    "other_enroll": 0,
    "total_enrolled": 0,
    "allimmune": false,
    "under_19_months": 0,
    "over_19_months": 0,
    "total_prek": 0
  },
  "model": "register.facility",
  "pk": 196
},
{
  "fields": {
    "kinder_enroll": 0,
    "street": "81-1045 Konawaena School Road",
    "city": "Kealakekua",
    "zip": 96750,
    "lowest_grade": 8,
    "compliant": false,
    "email": null,
    "fax": 8083234574,
    "is_only_pre_k": false,
    "seventh_grade_enroll": 0,
    "phone": 8083234566,
    "district": 4,
    "highest_grade": 10,
    "count": 0,
    "name": "Konawaena Middle",
    "has_pre_k": false,
    "other_enroll": 0,
    "total_enrolled": 0,
    "allimmune": false,
    "under_19_months": 0,
    "over_19_months": 0,
    "total_prek": 0
  },
  "model": "register.facility",
  "pk": 197
},
{
  "fields": {
    "kinder_enroll": 0,
    "street": "81-1041 Konawaena School Road",
    "city": "Kealakekua",
    "zip": 96750,
    "lowest_grade": 2,
    "compliant": false,
    "email": null,
    "fax": 8083234538,
    "is_only_pre_k": false,
    "seventh_grade_enroll": 0,
    "phone": 8083231900,
    "district": 4,
    "highest_grade": 14,
    "count": 0,
    "name": "Ke Kula O Ehunuikaimalino",
    "has_pre_k": false,
    "other_enroll": 0,
    "total_enrolled": 0,
    "allimmune": false,
    "under_19_months": 0,
    "over_19_months": 0,
    "total_prek": 0
  },
  "model": "register.facility",
  "pk": 198
},
{
  "fields": {
    "kinder_enroll": 0,
    "street": "18-1235 Volcano Highway",
    "city": "Mountain View",
    "zip": 96771,
    "lowest_grade": 2,
    "compliant": false,
    "email": null,
    "fax": 8089682305,
    "is_only_pre_k": false,
    "seventh_grade_enroll": 0,
    "phone": 8089682300,
    "district": 4,
    "highest_grade": 7,
    "count": 0,
    "name": "Mountain View Elementary",
    "has_pre_k": false,
    "other_enroll": 0,
    "total_enrolled": 0,
    "allimmune": false,
    "under_19_months": 0,
    "over_19_months": 0,
    "total_prek": 0
  },
  "model": "register.facility",
  "pk": 199
},
{
  "fields": {
    "kinder_enroll": 0,
    "street": "95-5545 Mamalahoa Highway",
    "city": "Naalehu",
    "zip": 96772,
    "lowest_grade": 2,
    "compliant": false,
    "email": null,
    "fax": 8089392419,
    "is_only_pre_k": false,
    "seventh_grade_enroll": 0,
    "phone": 8089392413,
    "district": 4,
    "highest_grade": 8,
    "count": 0,
    "name": "Naalehu Elementary",
    "has_pre_k": false,
    "other_enroll": 0,
    "total_enrolled": 0,
    "allimmune": false,
    "under_19_months": 0,
    "over_19_months": 0,
    "total_prek": 0
  },
  "model": "register.facility",
  "pk": 200
},
{
  "fields": {
    "kinder_enroll": 0,
    "street": "15-3030 Pahoa Village Road",
    "city": "Pahoa",
    "zip": 96778,
    "lowest_grade": 2,
    "compliant": false,
    "email": null,
    "fax": 8089652180,
    "is_only_pre_k": false,
    "seventh_grade_enroll": 0,
    "phone": 8089652141,
    "district": 4,
    "highest_grade": 8,
    "count": 0,
    "name": "Pahoa Elementary",
    "has_pre_k": false,
    "other_enroll": 0,
    "total_enrolled": 0,
    "allimmune": false,
    "under_19_months": 0,
    "over_19_months": 0,
    "total_prek": 0
  },
  "model": "register.facility",
  "pk": 201
},
{
  "fields": {
    "kinder_enroll": 0,
    "street": "43-1497 Old Main Road",
    "city": "Paauilo",
    "zip": 96776,
    "lowest_grade": 2,
    "compliant": false,
    "email": null,
    "fax": 8087767714,
    "is_only_pre_k": false,
    "seventh_grade_enroll": 0,
    "phone": 8087767710,
    "district": 4,
    "highest_grade": 11,
    "count": 0,
    "name": "Paauilo Elementary & Intermediate",
    "has_pre_k": false,
    "other_enroll": 0,
    "total_enrolled": 0,
    "allimmune": false,
    "under_19_months": 0,
    "over_19_months": 0,
    "total_prek": 0
  },
  "model": "register.facility",
  "pk": 202
},
{
  "fields": {
    "kinder_enroll": 0,
    "street": "15-3038 Puna Road",
    "city": "Pahoa",
    "zip": 96778,
    "lowest_grade": 9,
    "compliant": false,
    "email": null,
    "fax": 8089652153,
    "is_only_pre_k": false,
    "seventh_grade_enroll": 0,
    "phone": 8089652150,
    "district": 4,
    "highest_grade": 14,
    "count": 0,
    "name": "Pahoa High & Intermediate",
    "has_pre_k": false,
    "other_enroll": 0,
    "total_enrolled": 0,
    "allimmune": false,
    "under_19_months": 0,
    "over_19_months": 0,
    "total_prek": 0
  },
  "model": "register.facility",
  "pk": 203
},
{
  "fields": {
    "kinder_enroll": 0,
    "street": "180 West Puainako Street",
    "city": "Hilo",
    "zip": 96720,
    "lowest_grade": 2,
    "compliant": false,
    "email": null,
    "fax": 8089817218,
    "is_only_pre_k": false,
    "seventh_grade_enroll": 0,
    "phone": 8089817215,
    "district": 4,
    "highest_grade": 7,
    "count": 0,
    "name": "Waiakea Elementary",
    "has_pre_k": false,
    "other_enroll": 0,
    "total_enrolled": 0,
    "allimmune": false,
    "under_19_months": 0,
    "over_19_months": 0,
    "total_prek": 0
  },
  "model": "register.facility",
  "pk": 204
},
{
  "fields": {
    "kinder_enroll": 0,
    "street": "200 West Puainako Street",
    "city": "Hilo",
    "zip": 96720,
    "lowest_grade": 8,
    "compliant": false,
    "email": null,
    "fax": 8089817237,
    "is_only_pre_k": false,
    "seventh_grade_enroll": 0,
    "phone": 8089817231,
    "district": 4,
    "highest_grade": 10,
    "count": 0,
    "name": "Waiakea Intermediate",
    "has_pre_k": false,
    "other_enroll": 0,
    "total_enrolled": 0,
    "allimmune": false,
    "under_19_months": 0,
    "over_19_months": 0,
    "total_prek": 0
  },
  "model": "register.facility",
  "pk": 205
},
{
  "fields": {
    "kinder_enroll": 0,
    "street": "2420 Kilauea Avenue",
    "city": "Hilo",
    "zip": 96720,
    "lowest_grade": 2,
    "compliant": false,
    "email": null,
    "fax": 8089817205,
    "is_only_pre_k": false,
    "seventh_grade_enroll": 0,
    "phone": 8089817200,
    "district": 4,
    "highest_grade": 7,
    "count": 0,
    "name": "Waiakeawaena Elementary",
    "has_pre_k": false,
    "other_enroll": 0,
    "total_enrolled": 0,
    "allimmune": false,
    "under_19_months": 0,
    "over_19_months": 0,
    "total_prek": 0
  },
  "model": "register.facility",
  "pk": 206
},
{
  "fields": {
    "kinder_enroll": 0,
    "street": "67-1225 Mamalahoa Highway",
    "city": "Kamuela",
    "zip": 96743,
    "lowest_grade": 2,
    "compliant": false,
    "email": null,
    "fax": 8088877640,
    "is_only_pre_k": false,
    "seventh_grade_enroll": 0,
    "phone": 8088877636,
    "district": 4,
    "highest_grade": 7,
    "count": 0,
    "name": "Waimea Elementary",
    "has_pre_k": false,
    "other_enroll": 0,
    "total_enrolled": 0,
    "allimmune": false,
    "under_19_months": 0,
    "over_19_months": 0,
    "total_prek": 0
  },
  "model": "register.facility",
  "pk": 207
},
{
  "fields": {
    "kinder_enroll": 0,
    "street": "74-5118 Kealakaa Street",
    "city": "Kailua-Kona",
    "zip": 96740,
    "lowest_grade": 2,
    "compliant": false,
    "email": null,
    "fax": 8083274347,
    "is_only_pre_k": false,
    "seventh_grade_enroll": 0,
    "phone": 8083274308,
    "district": 4,
    "highest_grade": 7,
    "count": 0,
    "name": "Kealakehe Elementary",
    "has_pre_k": false,
    "other_enroll": 0,
    "total_enrolled": 0,
    "allimmune": false,
    "under_19_months": 0,
    "over_19_months": 0,
    "total_prek": 0
  },
  "model": "register.facility",
  "pk": 208
},
{
  "fields": {
    "kinder_enroll": 0,
    "street": "155 W. Kawili Street",
    "city": "Hilo",
    "zip": 96720,
    "lowest_grade": 11,
    "compliant": false,
    "email": null,
    "fax": 8089744880,
    "is_only_pre_k": false,
    "seventh_grade_enroll": 0,
    "phone": 8089744888,
    "district": 4,
    "highest_grade": 14,
    "count": 0,
    "name": "Waiakea High",
    "has_pre_k": false,
    "other_enroll": 0,
    "total_enrolled": 0,
    "allimmune": false,
    "under_19_months": 0,
    "over_19_months": 0,
    "total_prek": 0
  },
  "model": "register.facility",
  "pk": 209
},
{
  "fields": {
    "kinder_enroll": 0,
    "street": "74-5062 Onipaa Street",
    "city": "Kailua-Kona",
    "zip": 96740,
    "lowest_grade": 8,
    "compliant": false,
    "email": null,
    "fax": 8083274315,
    "is_only_pre_k": false,
    "seventh_grade_enroll": 0,
    "phone": 8083274314,
    "district": 4,
    "highest_grade": 10,
    "count": 0,
    "name": "Kealakehe Intermediate",
    "has_pre_k": false,
    "other_enroll": 0,
    "total_enrolled": 0,
    "allimmune": false,
    "under_19_months": 0,
    "over_19_months": 0,
    "total_prek": 0
  },
  "model": "register.facility",
  "pk": 210
},
{
  "fields": {
    "kinder_enroll": 0,
    "street": "15-890 Kahakai Boulevard",
    "city": "Pahoa",
    "zip": 96778,
    "lowest_grade": 2,
    "compliant": false,
    "email": null,
    "fax": 8089652138,
    "is_only_pre_k": false,
    "seventh_grade_enroll": 0,
    "phone": 8089652131,
    "district": 4,
    "highest_grade": 8,
    "count": 0,
    "name": "Keonepoko Elementary",
    "has_pre_k": false,
    "other_enroll": 0,
    "total_enrolled": 0,
    "allimmune": false,
    "under_19_months": 0,
    "over_19_months": 0,
    "total_prek": 0
  },
  "model": "register.facility",
  "pk": 211
},
{
  "fields": {
    "kinder_enroll": 0,
    "street": "74-5000 Puohulihuli Street",
    "city": "Kailua-Kona",
    "zip": 96740,
    "lowest_grade": 11,
    "compliant": false,
    "email": null,
    "fax": 8083274307,
    "is_only_pre_k": false,
    "seventh_grade_enroll": 0,
    "phone": 8083274300,
    "district": 4,
    "highest_grade": 14,
    "count": 0,
    "name": "Kealakehe High",
    "has_pre_k": false,
    "other_enroll": 0,
    "total_enrolled": 0,
    "allimmune": false,
    "under_19_months": 0,
    "over_19_months": 0,
    "total_prek": 0
  },
  "model": "register.facility",
  "pk": 212
},
{
  "fields": {
    "kinder_enroll": 0,
    "street": "68-1730 Hooko Street",
    "city": "Waikoloa",
    "zip": 96738,
    "lowest_grade": 2,
    "compliant": false,
    "email": null,
    "fax": 8088836811,
    "is_only_pre_k": false,
    "seventh_grade_enroll": 0,
    "phone": 8088836808,
    "district": 4,
    "highest_grade": 9,
    "count": 0,
    "name": "Waikoloa Elementary and Middle",
    "has_pre_k": false,
    "other_enroll": 0,
    "total_enrolled": 0,
    "allimmune": false,
    "under_19_months": 0,
    "over_19_months": 0,
    "total_prek": 0
  },
  "model": "register.facility",
  "pk": 213
},
{
  "fields": {
    "kinder_enroll": 0,
    "street": "67-1229 Mamalahoa Hwy.",
    "city": "Kamuela",
    "zip": 96743,
    "lowest_grade": 8,
    "compliant": false,
    "email": null,
    "fax": 8088876087,
    "is_only_pre_k": false,
    "seventh_grade_enroll": 0,
    "phone": 8088876090,
    "district": 4,
    "highest_grade": 10,
    "count": 0,
    "name": "Waimea Middle PCCS",
    "has_pre_k": false,
    "other_enroll": 0,
    "total_enrolled": 0,
    "allimmune": false,
    "under_19_months": 0,
    "over_19_months": 0,
    "total_prek": 0
  },
  "model": "register.facility",
  "pk": 214
},
{
  "fields": {
    "kinder_enroll": 0,
    "street": "54-3609 Akoni Pule Highway",
    "city": "Kapaau",
    "zip": 96755,
    "lowest_grade": 2,
    "compliant": false,
    "email": null,
    "fax": 8088897103,
    "is_only_pre_k": false,
    "seventh_grade_enroll": 0,
    "phone": 8088897100,
    "district": 4,
    "highest_grade": 7,
    "count": 0,
    "name": "Kohala Elementary",
    "has_pre_k": false,
    "other_enroll": 0,
    "total_enrolled": 0,
    "allimmune": false,
    "under_19_months": 0,
    "over_19_months": 0,
    "total_prek": 0
  },
  "model": "register.facility",
  "pk": 215
},
{
  "fields": {
    "kinder_enroll": 0,
    "street": "174 Kamehameha Avenue",
    "city": "Hilo",
    "zip": 96720,
    "lowest_grade": 2,
    "compliant": false,
    "email": null,
    "fax": 8089612665,
    "is_only_pre_k": false,
    "seventh_grade_enroll": 0,
    "phone": 8089613664,
    "district": 5,
    "highest_grade": 2,
    "count": 0,
    "name": "Connections NCPCS",
    "has_pre_k": false,
    "other_enroll": 0,
    "total_enrolled": 0,
    "allimmune": false,
    "under_19_months": 0,
    "over_19_months": 0,
    "total_prek": 0
  },
  "model": "register.facility",
  "pk": 216
},
{
  "fields": {
    "kinder_enroll": 0,
    "street": "64-1043 Hi'iaka St.",
    "city": "Kamuela",
    "zip": 96743,
    "lowest_grade": 2,
    "compliant": false,
    "email": null,
    "fax": 8088878146,
    "is_only_pre_k": false,
    "seventh_grade_enroll": 0,
    "phone": 8088878144,
    "district": 4,
    "highest_grade": 14,
    "count": 0,
    "name": "Kanu o ka 'Aina NCPCS",
    "has_pre_k": false,
    "other_enroll": 0,
    "total_enrolled": 0,
    "allimmune": false,
    "under_19_months": 0,
    "over_19_months": 0,
    "total_prek": 0
  },
  "model": "register.facility",
  "pk": 217
},
{
  "fields": {
    "kinder_enroll": 0,
    "street": "18-1355 Volcano Highway  P.O. Box 711539",
    "city": "Mountain View",
    "zip": 96771,
    "lowest_grade": 2,
    "compliant": false,
    "email": null,
    "fax": 8089680778,
    "is_only_pre_k": false,
    "seventh_grade_enroll": 0,
    "phone": 8089666175,
    "district": 4,
    "highest_grade": 9,
    "count": 0,
    "name": "Na Wai Ola NCPCS",
    "has_pre_k": false,
    "other_enroll": 0,
    "total_enrolled": 0,
    "allimmune": false,
    "under_19_months": 0,
    "over_19_months": 0,
    "total_prek": 0
  },
  "model": "register.facility",
  "pk": 218
},
{
  "fields": {
    "kinder_enroll": 0,
    "street": "73-4460 Queen Kaahumanu Hwy.  PMB 503 Highway  Suite #105",
    "city": "Kailua-Kona",
    "zip": 96740,
    "lowest_grade": 8,
    "compliant": false,
    "email": null,
    "fax": 8083274750,
    "is_only_pre_k": false,
    "seventh_grade_enroll": 0,
    "phone": 8083274751,
    "district": 4,
    "highest_grade": 14,
    "count": 0,
    "name": "West Hawaii Explorations Academy PCS",
    "has_pre_k": false,
    "other_enroll": 0,
    "total_enrolled": 0,
    "allimmune": false,
    "under_19_months": 0,
    "over_19_months": 0,
    "total_prek": 0
  },
  "model": "register.facility",
  "pk": 219
},
{
  "fields": {
    "kinder_enroll": 0,
    "street": "1650 Kaahumanu Avenue",
    "city": "Wailuku",
    "zip": 96793,
    "lowest_grade": 11,
    "compliant": false,
    "email": null,
    "fax": 8089845674,
    "is_only_pre_k": false,
    "seventh_grade_enroll": 0,
    "phone": 8089845656,
    "district": 8,
    "highest_grade": 14,
    "count": 0,
    "name": "Henry Perrine Baldwin High",
    "has_pre_k": false,
    "other_enroll": 0,
    "total_enrolled": 0,
    "allimmune": false,
    "under_19_months": 0,
    "over_19_months": 0,
    "total_prek": 0
  },
  "model": "register.facility",
  "pk": 220
},
{
  "fields": {
    "kinder_enroll": 0,
    "street": "105 Pauwela Road",
    "city": "Haiku",
    "zip": 96708,
    "lowest_grade": 2,
    "compliant": false,
    "email": null,
    "fax": 8085753003,
    "is_only_pre_k": false,
    "seventh_grade_enroll": 0,
    "phone": 8085753000,
    "district": 8,
    "highest_grade": 7,
    "count": 0,
    "name": "Haiku Elementary",
    "has_pre_k": false,
    "other_enroll": 0,
    "total_enrolled": 0,
    "allimmune": false,
    "under_19_months": 0,
    "over_19_months": 0,
    "total_prek": 0
  },
  "model": "register.facility",
  "pk": 221
},
{
  "fields": {
    "kinder_enroll": 0,
    "street": "4111 Hana Highway",
    "city": "Hana",
    "zip": 96713,
    "lowest_grade": 2,
    "compliant": false,
    "email": null,
    "fax": 8082484819,
    "is_only_pre_k": false,
    "seventh_grade_enroll": 0,
    "phone": 8082484815,
    "district": 8,
    "highest_grade": 14,
    "count": 0,
    "name": "Hana High and Elementary",
    "has_pre_k": false,
    "other_enroll": 0,
    "total_enrolled": 0,
    "allimmune": false,
    "under_19_months": 0,
    "over_19_months": 0,
    "total_prek": 0
  },
  "model": "register.facility",
  "pk": 222
},
{
  "fields": {
    "kinder_enroll": 0,
    "street": "260 South Market Street",
    "city": "Wailuku",
    "zip": 96793,
    "lowest_grade": 8,
    "compliant": false,
    "email": null,
    "fax": 8089845617,
    "is_only_pre_k": false,
    "seventh_grade_enroll": 0,
    "phone": 8089845610,
    "district": 8,
    "highest_grade": 10,
    "count": 0,
    "name": "Iao Intermediate",
    "has_pre_k": false,
    "other_enroll": 0,
    "total_enrolled": 0,
    "allimmune": false,
    "under_19_months": 0,
    "over_19_months": 0,
    "total_prek": 0
  },
  "model": "register.facility",
  "pk": 223
},
{
  "fields": {
    "kinder_enroll": 0,
    "street": "410 South Hina Avenue",
    "city": "Kahului",
    "zip": 96732,
    "lowest_grade": 2,
    "compliant": false,
    "email": null,
    "fax": 8088733089,
    "is_only_pre_k": false,
    "seventh_grade_enroll": 0,
    "phone": 8088733055,
    "district": 8,
    "highest_grade": 7,
    "count": 0,
    "name": "Kahului Elementary",
    "has_pre_k": false,
    "other_enroll": 0,
    "total_enrolled": 0,
    "allimmune": false,
    "under_19_months": 0,
    "over_19_months": 0,
    "total_prek": 0
  },
  "model": "register.facility",
  "pk": 224
},
{
  "fields": {
    "kinder_enroll": 0,
    "street": "611 Front Street",
    "city": "Lahaina",
    "zip": 96761,
    "lowest_grade": 2,
    "compliant": false,
    "email": null,
    "fax": 8086623958,
    "is_only_pre_k": false,
    "seventh_grade_enroll": 0,
    "phone": 8086623955,
    "district": 8,
    "highest_grade": 7,
    "count": 0,
    "name": "King Kamehameha III Elementary",
    "has_pre_k": false,
    "other_enroll": 0,
    "total_enrolled": 0,
    "allimmune": false,
    "under_19_months": 0,
    "over_19_months": 0,
    "total_prek": 0
  },
  "model": "register.facility",
  "pk": 225
},
{
  "fields": {
    "kinder_enroll": 0,
    "street": "30 Ailoa",
    "city": "Kaunakakai",
    "zip": 96748,
    "lowest_grade": 2,
    "compliant": false,
    "email": null,
    "fax": 8085531737,
    "is_only_pre_k": false,
    "seventh_grade_enroll": 0,
    "phone": 8085531730,
    "district": 9,
    "highest_grade": 8,
    "count": 0,
    "name": "Kaunakakai Elementary",
    "has_pre_k": false,
    "other_enroll": 0,
    "total_enrolled": 0,
    "allimmune": false,
    "under_19_months": 0,
    "over_19_months": 0,
    "total_prek": 0
  },
  "model": "register.facility",
  "pk": 226
},
{
  "fields": {
    "kinder_enroll": 0,
    "street": "250 E. Lipoa Street",
    "city": "Kihei",
    "zip": 96753,
    "lowest_grade": 2,
    "compliant": false,
    "email": null,
    "fax": 8088756825,
    "is_only_pre_k": false,
    "seventh_grade_enroll": 0,
    "phone": 8088756818,
    "district": 8,
    "highest_grade": 7,
    "count": 0,
    "name": "Kihei Elementary",
    "has_pre_k": false,
    "other_enroll": 0,
    "total_enrolled": 0,
    "allimmune": false,
    "under_19_months": 0,
    "over_19_months": 0,
    "total_prek": 0
  },
  "model": "register.facility",
  "pk": 227
},
{
  "fields": {
    "kinder_enroll": 0,
    "street": "Kamehameha V Highway",
    "city": "Kaunakakai",
    "zip": 96748,
    "lowest_grade": 2,
    "compliant": false,
    "email": null,
    "fax": 8085582203,
    "is_only_pre_k": false,
    "seventh_grade_enroll": 0,
    "phone": 8085582200,
    "district": 8,
    "highest_grade": 8,
    "count": 0,
    "name": "Kilohana Elementary",
    "has_pre_k": false,
    "other_enroll": 0,
    "total_enrolled": 0,
    "allimmune": false,
    "under_19_months": 0,
    "over_19_months": 0,
    "total_prek": 0
  },
  "model": "register.facility",
  "pk": 228
},
{
  "fields": {
    "kinder_enroll": 0,
    "street": "260 Farrington Avenue",
    "city": "Kualapuu",
    "zip": 96757,
    "lowest_grade": 2,
    "compliant": false,
    "email": null,
    "fax": 8085676906,
    "is_only_pre_k": false,
    "seventh_grade_enroll": 0,
    "phone": 8085676900,
    "district": 8,
    "highest_grade": 8,
    "count": 0,
    "name": "Kualapu'u Elementary NCPCCS",
    "has_pre_k": false,
    "other_enroll": 0,
    "total_enrolled": 0,
    "allimmune": false,
    "under_19_months": 0,
    "over_19_months": 0,
    "total_prek": 0
  },
  "model": "register.facility",
  "pk": 229
},
{
  "fields": {
    "kinder_enroll": 0,
    "street": "5000 Kula Highway",
    "city": "Kula",
    "zip": 96790,
    "lowest_grade": 2,
    "compliant": false,
    "email": null,
    "fax": 8088767616,
    "is_only_pre_k": false,
    "seventh_grade_enroll": 0,
    "phone": 8088767610,
    "district": 8,
    "highest_grade": 7,
    "count": 0,
    "name": "Kula Elementary",
    "has_pre_k": false,
    "other_enroll": 0,
    "total_enrolled": 0,
    "allimmune": false,
    "under_19_months": 0,
    "over_19_months": 0,
    "total_prek": 0
  },
  "model": "register.facility",
  "pk": 230
},
{
  "fields": {
    "kinder_enroll": 0,
    "street": "871 Lahainaluna Road",
    "city": "Lahaina",
    "zip": 96761,
    "lowest_grade": 8,
    "compliant": false,
    "email": null,
    "fax": 8086623968,
    "is_only_pre_k": false,
    "seventh_grade_enroll": 0,
    "phone": 8086623965,
    "district": 8,
    "highest_grade": 10,
    "count": 0,
    "name": "Lahaina Intermediate",
    "has_pre_k": false,
    "other_enroll": 0,
    "total_enrolled": 0,
    "allimmune": false,
    "under_19_months": 0,
    "over_19_months": 0,
    "total_prek": 0
  },
  "model": "register.facility",
  "pk": 231
},
{
  "fields": {
    "kinder_enroll": 0,
    "street": "980 Lahainaluna Road",
    "city": "Lahaina",
    "zip": 96761,
    "lowest_grade": 11,
    "compliant": false,
    "email": null,
    "fax": 8086623997,
    "is_only_pre_k": false,
    "seventh_grade_enroll": 0,
    "phone": 8086624000,
    "district": 8,
    "highest_grade": 14,
    "count": 0,
    "name": "Lahainaluna High",
    "has_pre_k": false,
    "other_enroll": 0,
    "total_enrolled": 0,
    "allimmune": false,
    "under_19_months": 0,
    "over_19_months": 0,
    "total_prek": 0
  },
  "model": "register.facility",
  "pk": 232
},
{
  "fields": {
    "kinder_enroll": 0,
    "street": "555 Fraser Avenue",
    "city": "Lanai City",
    "zip": 96763,
    "lowest_grade": 2,
    "compliant": false,
    "email": null,
    "fax": 8085657904,
    "is_only_pre_k": false,
    "seventh_grade_enroll": 0,
    "phone": 8085657900,
    "district": 8,
    "highest_grade": 14,
    "count": 0,
    "name": "Lanai High & Elementary",
    "has_pre_k": false,
    "other_enroll": 0,
    "total_enrolled": 0,
    "allimmune": false,
    "under_19_months": 0,
    "over_19_months": 0,
    "total_prek": 0
  },
  "model": "register.facility",
  "pk": 233
},
{
  "fields": {
    "kinder_enroll": 0,
    "street": "335 South Papa Avenue",
    "city": "Kahului",
    "zip": 96732,
    "lowest_grade": 2,
    "compliant": false,
    "email": null,
    "fax": 8088733570,
    "is_only_pre_k": false,
    "seventh_grade_enroll": 0,
    "phone": 8088733033,
    "district": 8,
    "highest_grade": 7,
    "count": 0,
    "name": "Lihikai Elementary",
    "has_pre_k": false,
    "other_enroll": 0,
    "total_enrolled": 0,
    "allimmune": false,
    "under_19_months": 0,
    "over_19_months": 0,
    "total_prek": 0
  },
  "model": "register.facility",
  "pk": 234
},
{
  "fields": {
    "kinder_enroll": 0,
    "street": "3542 Baldwin Avenue",
    "city": "Makawao",
    "zip": 96768,
    "lowest_grade": 2,
    "compliant": false,
    "email": null,
    "fax": 8085738774,
    "is_only_pre_k": false,
    "seventh_grade_enroll": 0,
    "phone": 8085738770,
    "district": 8,
    "highest_grade": 7,
    "count": 0,
    "name": "Makawao Elementary",
    "has_pre_k": false,
    "other_enroll": 0,
    "total_enrolled": 0,
    "allimmune": false,
    "under_19_months": 0,
    "over_19_months": 0,
    "total_prek": 0
  },
  "model": "register.facility",
  "pk": 235
},
{
  "fields": {
    "kinder_enroll": 0,
    "street": "660 South Lono Avenue",
    "city": "Kahului",
    "zip": 96732,
    "lowest_grade": 11,
    "compliant": false,
    "email": null,
    "fax": 8088733010,
    "is_only_pre_k": false,
    "seventh_grade_enroll": 0,
    "phone": 8088733000,
    "district": 8,
    "highest_grade": 14,
    "count": 0,
    "name": "Maui High",
    "has_pre_k": false,
    "other_enroll": 0,
    "total_enrolled": 0,
    "allimmune": false,
    "under_19_months": 0,
    "over_19_months": 0,
    "total_prek": 0
  },
  "model": "register.facility",
  "pk": 236
},
{
  "fields": {
    "kinder_enroll": 0,
    "street": "Maunaloa Highway",
    "city": "Maunaloa",
    "zip": 96770,
    "lowest_grade": 2,
    "compliant": false,
    "email": null,
    "fax": 8085522004,
    "is_only_pre_k": false,
    "seventh_grade_enroll": 0,
    "phone": 8085522000,
    "district": 8,
    "highest_grade": 8,
    "count": 0,
    "name": "Maunaloa Elementary",
    "has_pre_k": false,
    "other_enroll": 0,
    "total_enrolled": 0,
    "allimmune": false,
    "under_19_months": 0,
    "over_19_months": 0,
    "total_prek": 0
  },
  "model": "register.facility",
  "pk": 237
},
{
  "fields": {
    "kinder_enroll": 0,
    "street": "120 Makani Road",
    "city": "Makawao",
    "zip": 96768,
    "lowest_grade": 8,
    "compliant": false,
    "email": null,
    "fax": 8085738748,
    "is_only_pre_k": false,
    "seventh_grade_enroll": 0,
    "phone": 8085738735,
    "district": 8,
    "highest_grade": 10,
    "count": 0,
    "name": "Samuel Enoka Kalama Intermediate",
    "has_pre_k": false,
    "other_enroll": 0,
    "total_enrolled": 0,
    "allimmune": false,
    "under_19_months": 0,
    "over_19_months": 0,
    "total_prek": 0
  },
  "model": "register.facility",
  "pk": 238
},
{
  "fields": {
    "kinder_enroll": 0,
    "street": "2140 Farrington Avenue",
    "city": "Hoolehua",
    "zip": 96729,
    "lowest_grade": 11,
    "compliant": false,
    "email": null,
    "fax": 8085676960,
    "is_only_pre_k": false,
    "seventh_grade_enroll": 0,
    "phone": 8085676950,
    "district": 9,
    "highest_grade": 14,
    "count": 0,
    "name": "Molokai High",
    "has_pre_k": false,
    "other_enroll": 0,
    "total_enrolled": 0,
    "allimmune": false,
    "under_19_months": 0,
    "over_19_months": 0,
    "total_prek": 0
  },
  "model": "register.facility",
  "pk": 239
},
{
  "fields": {
    "kinder_enroll": 0,
    "street": "955 Baldwin Avenue",
    "city": "Paia",
    "zip": 96779,
    "lowest_grade": 2,
    "compliant": false,
    "email": null,
    "fax": 8085792103,
    "is_only_pre_k": false,
    "seventh_grade_enroll": 0,
    "phone": 8085792100,
    "district": 8,
    "highest_grade": 7,
    "count": 0,
    "name": "Paia Elementary",
    "has_pre_k": false,
    "other_enroll": 0,
    "total_enrolled": 0,
    "allimmune": false,
    "under_19_months": 0,
    "over_19_months": 0,
    "total_prek": 0
  },
  "model": "register.facility",
  "pk": 240
},
{
  "fields": {
    "kinder_enroll": 0,
    "street": "2125 Kahekili Highway",
    "city": "Wailuku",
    "zip": 96793,
    "lowest_grade": 2,
    "compliant": false,
    "email": null,
    "fax": 8089845648,
    "is_only_pre_k": false,
    "seventh_grade_enroll": 0,
    "phone": 8089845644,
    "district": 8,
    "highest_grade": 7,
    "count": 0,
    "name": "Waihee Elementary",
    "has_pre_k": false,
    "other_enroll": 0,
    "total_enrolled": 0,
    "allimmune": false,
    "under_19_months": 0,
    "over_19_months": 0,
    "total_prek": 0
  },
  "model": "register.facility",
  "pk": 241
},
{
  "fields": {
    "kinder_enroll": 0,
    "street": "355 South High Street",
    "city": "Wailuku",
    "zip": 96793,
    "lowest_grade": 2,
    "compliant": false,
    "email": null,
    "fax": 8089845627,
    "is_only_pre_k": false,
    "seventh_grade_enroll": 0,
    "phone": 8089845622,
    "district": 8,
    "highest_grade": 7,
    "count": 0,
    "name": "Wailuku Elementary",
    "has_pre_k": false,
    "other_enroll": 0,
    "total_enrolled": 0,
    "allimmune": false,
    "under_19_months": 0,
    "over_19_months": 0,
    "total_prek": 0
  },
  "model": "register.facility",
  "pk": 242
},
{
  "fields": {
    "kinder_enroll": 0,
    "street": "2945 Iolani Street",
    "city": "Pukalani",
    "zip": 96768,
    "lowest_grade": 2,
    "compliant": false,
    "email": null,
    "fax": 8085738766,
    "is_only_pre_k": false,
    "seventh_grade_enroll": 0,
    "phone": 8085738760,
    "district": 8,
    "highest_grade": 7,
    "count": 0,
    "name": "Pukalani Elementary",
    "has_pre_k": false,
    "other_enroll": 0,
    "total_enrolled": 0,
    "allimmune": false,
    "under_19_months": 0,
    "over_19_months": 0,
    "total_prek": 0
  },
  "model": "register.facility",
  "pk": 243
},
{
  "fields": {
    "kinder_enroll": 0,
    "street": "795 Onehee Street",
    "city": "Kahului",
    "zip": 96732,
    "lowest_grade": 8,
    "compliant": false,
    "email": null,
    "fax": 8088733066,
    "is_only_pre_k": false,
    "seventh_grade_enroll": 0,
    "phone": 8088733070,
    "district": 8,
    "highest_grade": 10,
    "count": 0,
    "name": "Maui Waena Intermediate",
    "has_pre_k": false,
    "other_enroll": 0,
    "total_enrolled": 0,
    "allimmune": false,
    "under_19_months": 0,
    "over_19_months": 0,
    "total_prek": 0
  },
  "model": "register.facility",
  "pk": 244
},
{
  "fields": {
    "kinder_enroll": 0,
    "street": "816 Niheu Street",
    "city": "Lahaina",
    "zip": 96761,
    "lowest_grade": 2,
    "compliant": false,
    "email": null,
    "fax": 8086624023,
    "is_only_pre_k": false,
    "seventh_grade_enroll": 0,
    "phone": 8086624020,
    "district": 8,
    "highest_grade": 7,
    "count": 0,
    "name": "Princess Nahienaena Elementary",
    "has_pre_k": false,
    "other_enroll": 0,
    "total_enrolled": 0,
    "allimmune": false,
    "under_19_months": 0,
    "over_19_months": 0,
    "total_prek": 0
  },
  "model": "register.facility",
  "pk": 245
},
{
  "fields": {
    "kinder_enroll": 0,
    "street": "1401 Liloa Drive",
    "city": "Kihei",
    "zip": 96753,
    "lowest_grade": 8,
    "compliant": false,
    "email": null,
    "fax": 8088756835,
    "is_only_pre_k": false,
    "seventh_grade_enroll": 0,
    "phone": 8088756800,
    "district": 8,
    "highest_grade": 10,
    "count": 0,
    "name": "Lokelani Intermediate",
    "has_pre_k": false,
    "other_enroll": 0,
    "total_enrolled": 0,
    "allimmune": false,
    "under_19_months": 0,
    "over_19_months": 0,
    "total_prek": 0
  },
  "model": "register.facility",
  "pk": 246
},
{
  "fields": {
    "kinder_enroll": 0,
    "street": "180 Kealii Alanui",
    "city": "Kihei",
    "zip": 96753,
    "lowest_grade": 2,
    "compliant": false,
    "email": null,
    "fax": 8088756843,
    "is_only_pre_k": false,
    "seventh_grade_enroll": 0,
    "phone": 8088756840,
    "district": 8,
    "highest_grade": 7,
    "count": 0,
    "name": "Kamalii Elementary",
    "has_pre_k": false,
    "other_enroll": 0,
    "total_enrolled": 0,
    "allimmune": false,
    "under_19_months": 0,
    "over_19_months": 0,
    "total_prek": 0
  },
  "model": "register.facility",
  "pk": 247
},
{
  "fields": {
    "kinder_enroll": 0,
    "street": "4650 S. Kamehameha Avenue",
    "city": "Kahului",
    "zip": 96732,
    "lowest_grade": 2,
    "compliant": false,
    "email": null,
    "fax": 8088733414,
    "is_only_pre_k": false,
    "seventh_grade_enroll": 0,
    "phone": 8088733410,
    "district": 8,
    "highest_grade": 7,
    "count": 0,
    "name": "Pomaikai Elementary School",
    "has_pre_k": false,
    "other_enroll": 0,
    "total_enrolled": 0,
    "allimmune": false,
    "under_19_months": 0,
    "over_19_months": 0,
    "total_prek": 0
  },
  "model": "register.facility",
  "pk": 248
},
{
  "fields": {
    "kinder_enroll": 0,
    "street": "2175 Lihipali Avenue",
    "city": "Hoolehua",
    "zip": 96729,
    "lowest_grade": 9,
    "compliant": false,
    "email": null,
    "fax": 8085676939,
    "is_only_pre_k": false,
    "seventh_grade_enroll": 0,
    "phone": 8085676940,
    "district": 9,
    "highest_grade": 10,
    "count": 0,
    "name": "Molokai Middle",
    "has_pre_k": false,
    "other_enroll": 0,
    "total_enrolled": 0,
    "allimmune": false,
    "under_19_months": 0,
    "over_19_months": 0,
    "total_prek": 0
  },
  "model": "register.facility",
  "pk": 249
},
{
  "fields": {
    "kinder_enroll": 0,
    "street": "121 Kula Highway",
    "city": "Pukalani",
    "zip": 96768,
    "lowest_grade": 11,
    "compliant": false,
    "email": null,
    "fax": 8085732231,
    "is_only_pre_k": false,
    "seventh_grade_enroll": 0,
    "phone": 8085738710,
    "district": 8,
    "highest_grade": 14,
    "count": 0,
    "name": "King Kekaulike High",
    "has_pre_k": false,
    "other_enroll": 0,
    "total_enrolled": 0,
    "allimmune": false,
    "under_19_months": 0,
    "over_19_months": 0,
    "total_prek": 0
  },
  "model": "register.facility",
  "pk": 250
},
{
  "fields": {
    "kinder_enroll": 0,
    "street": "3700 Kehalani Mauka Parkway",
    "city": "Wailuku",
    "zip": 96793,
    "lowest_grade": 2,
    "compliant": false,
    "email": null,
    "fax": 8087273120,
    "is_only_pre_k": false,
    "seventh_grade_enroll": 0,
    "phone": 8089845610,
    "district": 8,
    "highest_grade": 7,
    "count": 0,
    "name": "Pu'u Kukui Elementary",
    "has_pre_k": false,
    "other_enroll": 0,
    "total_enrolled": 0,
    "allimmune": false,
    "under_19_months": 0,
    "over_19_months": 0,
    "total_prek": 0
  },
  "model": "register.facility",
  "pk": 251
},
{
  "fields": {
    "kinder_enroll": 0,
    "street": "4867 Olohena Road",
    "city": "Kapaa",
    "zip": 96746,
    "lowest_grade": 8,
    "compliant": false,
    "email": null,
    "fax": 8088216967,
    "is_only_pre_k": false,
    "seventh_grade_enroll": 0,
    "phone": 8088214460,
    "district": 6,
    "highest_grade": 10,
    "count": 0,
    "name": "Kapaa Middle",
    "has_pre_k": false,
    "other_enroll": 0,
    "total_enrolled": 0,
    "allimmune": false,
    "under_19_months": 0,
    "over_19_months": 0,
    "total_prek": 0
  },
  "model": "register.facility",
  "pk": 252
},
{
  "fields": {
    "kinder_enroll": 0,
    "street": "4431 Nuhou St.",
    "city": "Lihue",
    "zip": 96766,
    "lowest_grade": 8,
    "compliant": false,
    "email": null,
    "fax": 8082413210,
    "is_only_pre_k": false,
    "seventh_grade_enroll": 0,
    "phone": 8082413200,
    "district": 6,
    "highest_grade": 10,
    "count": 0,
    "name": "Chiefess Kamakahelei Middle",
    "has_pre_k": false,
    "other_enroll": 0,
    "total_enrolled": 0,
    "allimmune": false,
    "under_19_months": 0,
    "over_19_months": 0,
    "total_prek": 0
  },
  "model": "register.facility",
  "pk": 253
},
{
  "fields": {
    "kinder_enroll": 0,
    "street": "4750 Uliuli Road",
    "city": "Eleele",
    "zip": 96705,
    "lowest_grade": 2,
    "compliant": false,
    "email": null,
    "fax": 8083358415,
    "is_only_pre_k": false,
    "seventh_grade_enroll": 0,
    "phone": 8083352111,
    "district": 6,
    "highest_grade": 7,
    "count": 0,
    "name": "Eleele Elementary",
    "has_pre_k": false,
    "other_enroll": 0,
    "total_enrolled": 0,
    "allimmune": false,
    "under_19_months": 0,
    "over_19_months": 0,
    "total_prek": 0
  },
  "model": "register.facility",
  "pk": 254
},
{
  "fields": {
    "kinder_enroll": 0,
    "street": "5-5415 Kuhio Highway",
    "city": "Hanalei",
    "zip": 96714,
    "lowest_grade": 2,
    "compliant": false,
    "email": null,
    "fax": 8088264302,
    "is_only_pre_k": false,
    "seventh_grade_enroll": 0,
    "phone": 8088264300,
    "district": 6,
    "highest_grade": 8,
    "count": 0,
    "name": "Hanalei Elementary",
    "has_pre_k": false,
    "other_enroll": 0,
    "total_enrolled": 0,
    "allimmune": false,
    "under_19_months": 0,
    "over_19_months": 0,
    "total_prek": 0
  },
  "model": "register.facility",
  "pk": 255
},
{
  "fields": {
    "kinder_enroll": 0,
    "street": "4400 Maka Road",
    "city": "Kalaheo",
    "zip": 96741,
    "lowest_grade": 2,
    "compliant": false,
    "email": null,
    "fax": 8083326804,
    "is_only_pre_k": false,
    "seventh_grade_enroll": 0,
    "phone": 8083326801,
    "district": 6,
    "highest_grade": 7,
    "count": 0,
    "name": "Kalaheo Elementary",
    "has_pre_k": false,
    "other_enroll": 0,
    "total_enrolled": 0,
    "allimmune": false,
    "under_19_months": 0,
    "over_19_months": 0,
    "total_prek": 0
  },
  "model": "register.facility",
  "pk": 256
},
{
  "fields": {
    "kinder_enroll": 0,
    "street": "4886 Kawaihau Road",
    "city": "Kapaa",
    "zip": 96746,
    "lowest_grade": 2,
    "compliant": false,
    "email": null,
    "fax": 8088214431,
    "is_only_pre_k": false,
    "seventh_grade_enroll": 0,
    "phone": 8088214424,
    "district": 6,
    "highest_grade": 7,
    "count": 0,
    "name": "Kapaa Elementary",
    "has_pre_k": false,
    "other_enroll": 0,
    "total_enrolled": 0,
    "allimmune": false,
    "under_19_months": 0,
    "over_19_months": 0,
    "total_prek": 0
  },
  "model": "register.facility",
  "pk": 257
},
{
  "fields": {
    "kinder_enroll": 0,
    "street": "4695 Mailihuna Road",
    "city": "Kapaa",
    "zip": 96746,
    "lowest_grade": 11,
    "compliant": false,
    "email": null,
    "fax": 8088214420,
    "is_only_pre_k": false,
    "seventh_grade_enroll": 0,
    "phone": 8088214400,
    "district": 6,
    "highest_grade": 14,
    "count": 0,
    "name": "Kapaa High",
    "has_pre_k": false,
    "other_enroll": 0,
    "total_enrolled": 0,
    "allimmune": false,
    "under_19_months": 0,
    "over_19_months": 0,
    "total_prek": 0
  },
  "model": "register.facility",
  "pk": 258
},
{
  "fields": {
    "kinder_enroll": 0,
    "street": "3577 Lala Road",
    "city": "Lihue",
    "zip": 96766,
    "lowest_grade": 11,
    "compliant": false,
    "email": null,
    "fax": 8082743170,
    "is_only_pre_k": false,
    "seventh_grade_enroll": 0,
    "phone": 8082743160,
    "district": 6,
    "highest_grade": 14,
    "count": 0,
    "name": "Kauai High",
    "has_pre_k": false,
    "other_enroll": 0,
    "total_enrolled": 0,
    "allimmune": false,
    "under_19_months": 0,
    "over_19_months": 0,
    "total_prek": 0
  },
  "model": "register.facility",
  "pk": 259
},
{
  "fields": {
    "kinder_enroll": 0,
    "street": "4380 Hanamaulu Road",
    "city": "Lihue",
    "zip": 96766,
    "lowest_grade": 2,
    "compliant": false,
    "email": null,
    "fax": 8082413159,
    "is_only_pre_k": false,
    "seventh_grade_enroll": 0,
    "phone": 8082413150,
    "district": 6,
    "highest_grade": 7,
    "count": 0,
    "name": "King Kaumualii Elementary",
    "has_pre_k": false,
    "other_enroll": 0,
    "total_enrolled": 0,
    "allimmune": false,
    "under_19_months": 0,
    "over_19_months": 0,
    "total_prek": 0
  },
  "model": "register.facility",
  "pk": 260
},
{
  "fields": {
    "kinder_enroll": 0,
    "street": "8140 Kekaha Road",
    "city": "Kekaha",
    "zip": 96752,
    "lowest_grade": 2,
    "compliant": false,
    "email": null,
    "fax": 8083377657,
    "is_only_pre_k": false,
    "seventh_grade_enroll": 0,
    "phone": 8083377655,
    "district": 6,
    "highest_grade": 7,
    "count": 0,
    "name": "Kekaha Elementary",
    "has_pre_k": false,
    "other_enroll": 0,
    "total_enrolled": 0,
    "allimmune": false,
    "under_19_months": 0,
    "over_19_months": 0,
    "total_prek": 0
  },
  "model": "register.facility",
  "pk": 261
},
{
  "fields": {
    "kinder_enroll": 0,
    "street": "2440 Kolo Road",
    "city": "Kilauea",
    "zip": 96754,
    "lowest_grade": 2,
    "compliant": false,
    "email": null,
    "fax": 8088282034,
    "is_only_pre_k": false,
    "seventh_grade_enroll": 0,
    "phone": 8088281212,
    "district": 6,
    "highest_grade": 8,
    "count": 0,
    "name": "Kilauea Elementary",
    "has_pre_k": false,
    "other_enroll": 0,
    "total_enrolled": 0,
    "allimmune": false,
    "under_19_months": 0,
    "over_19_months": 0,
    "total_prek": 0
  },
  "model": "register.facility",
  "pk": 262
},
{
  "fields": {
    "kinder_enroll": 0,
    "street": "3223 Poipu Road",
    "city": "Koloa",
    "zip": 96756,
    "lowest_grade": 2,
    "compliant": false,
    "email": null,
    "fax": 8087428466,
    "is_only_pre_k": false,
    "seventh_grade_enroll": 0,
    "phone": 8087428460,
    "district": 6,
    "highest_grade": 7,
    "count": 0,
    "name": "Koloa Elementary",
    "has_pre_k": false,
    "other_enroll": 0,
    "total_enrolled": 0,
    "allimmune": false,
    "under_19_months": 0,
    "over_19_months": 0,
    "total_prek": 0
  },
  "model": "register.facility",
  "pk": 263
},
{
  "fields": {
    "kinder_enroll": 0,
    "street": "c/o Waimea High School  9707 Tsuchiya Road",
    "city": "Waimea",
    "zip": 96796,
    "lowest_grade": 2,
    "compliant": false,
    "email": null,
    "fax": 8083386807,
    "is_only_pre_k": false,
    "seventh_grade_enroll": 0,
    "phone": 8083386800,
    "district": 7,
    "highest_grade": 14,
    "count": 0,
    "name": "Niihau",
    "has_pre_k": false,
    "other_enroll": 0,
    "total_enrolled": 0,
    "allimmune": false,
    "under_19_months": 0,
    "over_19_months": 0,
    "total_prek": 0
  },
  "model": "register.facility",
  "pk": 264
},
{
  "fields": {
    "kinder_enroll": 0,
    "street": "9707 Tsuchiya Road",
    "city": "Waimea",
    "zip": 96796,
    "lowest_grade": 11,
    "compliant": false,
    "email": null,
    "fax": 8083386807,
    "is_only_pre_k": false,
    "seventh_grade_enroll": 0,
    "phone": 8083386800,
    "district": 6,
    "highest_grade": 14,
    "count": 0,
    "name": "Waimea High",
    "has_pre_k": false,
    "other_enroll": 0,
    "total_enrolled": 0,
    "allimmune": false,
    "under_19_months": 0,
    "over_19_months": 0,
    "total_prek": 0
  },
  "model": "register.facility",
  "pk": 265
},
{
  "fields": {
    "kinder_enroll": 0,
    "street": "4319 Hardy Street",
    "city": "Lihue",
    "zip": 96766,
    "lowest_grade": 2,
    "compliant": false,
    "email": null,
    "fax": 8082743152,
    "is_only_pre_k": false,
    "seventh_grade_enroll": 0,
    "phone": 8082743150,
    "district": 6,
    "highest_grade": 7,
    "count": 0,
    "name": "Elsie H. Wilcox Elementary",
    "has_pre_k": false,
    "other_enroll": 0,
    "total_enrolled": 0,
    "allimmune": false,
    "under_19_months": 0,
    "over_19_months": 0,
    "total_prek": 0
  },
  "model": "register.facility",
  "pk": 266
},
{
  "fields": {
    "kinder_enroll": 0,
    "street": "9555 Huakai Road",
    "city": "Waimea",
    "zip": 96796,
    "lowest_grade": 8,
    "compliant": false,
    "email": null,
    "fax": 8083386832,
    "is_only_pre_k": false,
    "seventh_grade_enroll": 0,
    "phone": 8083386830,
    "district": 6,
    "highest_grade": 10,
    "count": 0,
    "name": "Waimea Canyon Middle",
    "has_pre_k": false,
    "other_enroll": 0,
    "total_enrolled": 0,
    "allimmune": false,
    "under_19_months": 0,
    "over_19_months": 0,
    "total_prek": 0
  },
  "model": "register.facility",
  "pk": 267
},
{
  "fields": {
    "kinder_enroll": 0,
    "street": "8315 Kekaha Road  Suite P",
    "city": "Kekaha",
    "zip": 96752,
    "lowest_grade": 2,
    "compliant": false,
    "email": null,
    "fax": 8083372033,
    "is_only_pre_k": false,
    "seventh_grade_enroll": 0,
    "phone": 8083372022,
    "district": 6,
    "highest_grade": 14,
    "count": 0,
    "name": "Kula Aupuni Niihau A Kahelelani Aloha NCPCS",
    "has_pre_k": false,
    "other_enroll": 0,
    "total_enrolled": 0,
    "allimmune": false,
    "under_19_months": 0,
    "over_19_months": 0,
    "total_prek": 0
  },
  "model": "register.facility",
  "pk": 268
},
{
  "fields": {
    "kinder_enroll": 0,
    "street": "3440 Leahi Avenue",
    "city": "Honolulu",
    "zip": 96815,
    "lowest_grade": 2,
    "compliant": false,
    "email": null,
    "fax": 8087334824,
    "is_only_pre_k": false,
    "seventh_grade_enroll": 0,
    "phone": 8087334999,
    "district": 3,
    "highest_grade": 14,
    "count": 0,
    "name": "Hawaii School for the Deaf and the Blind",
    "has_pre_k": false,
    "other_enroll": 0,
    "total_enrolled": 0,
    "allimmune": false,
    "under_19_months": 0,
    "over_19_months": 0,
    "total_prek": 0
  },
  "model": "register.facility",
  "pk": 269
},
{
  "fields": {
    "kinder_enroll": 0,
    "street": "42-522 Kalanianaole Highway",
    "city": "Kailua",
    "zip": 96734,
    "lowest_grade": 9,
    "compliant": false,
    "email": null,
    "fax": 8082667873,
    "is_only_pre_k": false,
    "seventh_grade_enroll": 0,
    "phone": 8082667866,
    "district": 10,
    "highest_grade": 14,
    "count": 0,
    "name": "Olomana",
    "has_pre_k": false,
    "other_enroll": 0,
    "total_enrolled": 0,
    "allimmune": false,
    "under_19_months": 0,
    "over_19_months": 0,
    "total_prek": 0
  },
  "model": "register.facility",
  "pk": 270
},
{
  "fields": {
    "kinder_enroll": 0,
    "street": "2101 Makiki Heights Drive",
    "city": "Honolulu",
    "zip": 96822,
    "lowest_grade": 8,
    "compliant": false,
    "email": null,
    "fax": 8089451604,
    "is_only_pre_k": false,
    "seventh_grade_enroll": 0,
    "phone": 8089451600,
    "district": 3,
    "highest_grade": 14,
    "count": 0,
    "name": "Halau Ku Mana NCPCS",
    "has_pre_k": false,
    "other_enroll": 0,
    "total_enrolled": 0,
    "allimmune": false,
    "under_19_months": 0,
    "over_19_months": 0,
    "total_prek": 0
  },
  "model": "register.facility",
  "pk": 271
},
{
  "fields": {
    "kinder_enroll": 0,
    "street": "2428 Wilder Avenue",
    "city": "Honolulu",
    "zip": 96822,
    "lowest_grade": 2,
    "compliant": false,
    "email": null,
    "fax": 8085219772,
    "is_only_pre_k": false,
    "seventh_grade_enroll": 0,
    "phone": 8085219770,
    "district": 3,
    "highest_grade": 9,
    "count": 0,
    "name": "Voyager PCS",
    "has_pre_k": false,
    "other_enroll": 0,
    "total_enrolled": 0,
    "allimmune": false,
    "under_19_months": 0,
    "over_19_months": 0,
    "total_prek": 0
  },
  "model": "register.facility",
  "pk": 272
},
{
  "fields": {
    "kinder_enroll": 0,
    "street": "1776 University Avenue  UHS Bldg 3  #121",
    "city": "Honolulu",
    "zip": 96822,
    "lowest_grade": 2,
    "compliant": false,
    "email": null,
    "fax": 8089567260,
    "is_only_pre_k": false,
    "seventh_grade_enroll": 0,
    "phone": 8089567833,
    "district": 3,
    "highest_grade": 14,
    "count": 0,
    "name": "University Laboratory School",
    "has_pre_k": false,
    "other_enroll": 0,
    "total_enrolled": 0,
    "allimmune": false,
    "under_19_months": 0,
    "over_19_months": 0,
    "total_prek": 0
  },
  "model": "register.facility",
  "pk": 273
},
{
  "fields": {
    "kinder_enroll": 0,
    "street": "1040 Richards St.  Ste. 220",
    "city": "Honolulu",
    "zip": 96813,
    "lowest_grade": 2,
    "compliant": false,
    "email": null,
    "fax": 8086837062,
    "is_only_pre_k": false,
    "seventh_grade_enroll": 0,
    "phone": 8084418001,
    "district": 3,
    "highest_grade": 14,
    "count": 0,
    "name": "Myron B. Thompson Academy NCPCS",
    "has_pre_k": false,
    "other_enroll": 0,
    "total_enrolled": 0,
    "allimmune": false,
    "under_19_months": 0,
    "over_19_months": 0,
    "total_prek": 0
  },
  "model": "register.facility",
  "pk": 274
},
{
  "fields": {
    "kinder_enroll": 0,
    "street": "89-195 Farrington Highway",
    "city": "Wai'anae",
    "zip": 96792,
    "lowest_grade": 2,
    "compliant": false,
    "email": null,
    "fax": 8086209036,
    "is_only_pre_k": false,
    "seventh_grade_enroll": 0,
    "phone": 8086209030,
    "district": 2,
    "highest_grade": 10,
    "count": 0,
    "name": "Ka Waihona o ka Na'auao NCPCS",
    "has_pre_k": false,
    "other_enroll": 0,
    "total_enrolled": 0,
    "allimmune": false,
    "under_19_months": 0,
    "over_19_months": 0,
    "total_prek": 0
  },
  "model": "register.facility",
  "pk": 275
},
{
  "fields": {
    "kinder_enroll": 0,
    "street": "45-720 Keaahala Road",
    "city": "Kaneohe",
    "zip": 96744,
    "lowest_grade": 6,
    "compliant": false,
    "email": null,
    "fax": 8082359160,
    "is_only_pre_k": false,
    "seventh_grade_enroll": 0,
    "phone": 8082359155,
    "district": 10,
    "highest_grade": 14,
    "count": 0,
    "name": "Hakipu'u Learning Center PCS",
    "has_pre_k": false,
    "other_enroll": 0,
    "total_enrolled": 0,
    "allimmune": false,
    "under_19_months": 0,
    "over_19_months": 0,
    "total_prek": 0
  },
  "model": "register.facility",
  "pk": 276
},
{
  "fields": {
    "kinder_enroll": 0,
    "street": "46-500 Kuneki Street",
    "city": "Kaneohe",
    "zip": 96744,
    "lowest_grade": 2,
    "compliant": false,
    "email": null,
    "fax": 8082359173,
    "is_only_pre_k": false,
    "seventh_grade_enroll": 0,
    "phone": 8082359175,
    "district": 10,
    "highest_grade": 14,
    "count": 0,
    "name": "Ke Kula 'o Samuel M. Kamakau Laboratory PCS",
    "has_pre_k": false,
    "other_enroll": 0,
    "total_enrolled": 0,
    "allimmune": false,
    "under_19_months": 0,
    "over_19_months": 0,
    "total_prek": 0
  },
  "model": "register.facility",
  "pk": 277
},
{
  "fields": {
    "kinder_enroll": 0,
    "street": "75-5815 Queen Kaahumanu Highway",
    "city": "Kailua-Kona",
    "zip": 96740,
    "lowest_grade": 3,
    "compliant": false,
    "email": null,
    "fax": 8083276209,
    "is_only_pre_k": false,
    "seventh_grade_enroll": 0,
    "phone": 8083276205,
    "district": 4,
    "highest_grade": 10,
    "count": 0,
    "name": "Innovations PCS",
    "has_pre_k": false,
    "other_enroll": 0,
    "total_enrolled": 0,
    "allimmune": false,
    "under_19_months": 0,
    "over_19_months": 0,
    "total_prek": 0
  },
  "model": "register.facility",
  "pk": 278
},
{
  "fields": {
    "kinder_enroll": 0,
    "street": "162 Baker Avenue",
    "city": "Hilo",
    "zip": 96720,
    "lowest_grade": 9,
    "compliant": false,
    "email": null,
    "fax": 8089616229,
    "is_only_pre_k": false,
    "seventh_grade_enroll": 0,
    "phone": 8089616228,
    "district": 4,
    "highest_grade": 14,
    "count": 0,
    "name": "Ke Ana La'ahana PCS",
    "has_pre_k": false,
    "other_enroll": 0,
    "total_enrolled": 0,
    "allimmune": false,
    "under_19_months": 0,
    "over_19_months": 0,
    "total_prek": 0
  },
  "model": "register.facility",
  "pk": 279
},
{
  "fields": {
    "kinder_enroll": 0,
    "street": "41-054 Ehukai Street",
    "city": "Waimanalo",
    "zip": 96795,
    "lowest_grade": 2,
    "compliant": false,
    "email": null,
    "fax": 8082595525,
    "is_only_pre_k": false,
    "seventh_grade_enroll": 0,
    "phone": 8082595522,
    "district": 10,
    "highest_grade": 5,
    "count": 0,
    "name": "Malama Honua Public Charter School",
    "has_pre_k": false,
    "other_enroll": 0,
    "total_enrolled": 0,
    "allimmune": false,
    "under_19_months": 0,
    "over_19_months": 0,
    "total_prek": 0
  },
  "model": "register.facility",
  "pk": 280
},
{
  "fields": {
    "kinder_enroll": 0,
    "street": "94-810 Moloalo Street",
    "city": "Waipahu",
    "zip": 96797,
    "lowest_grade": 2,
    "compliant": false,
    "email": null,
    "fax": 8086765470,
    "is_only_pre_k": false,
    "seventh_grade_enroll": 0,
    "phone": 8086765444,
    "district": 2,
    "highest_grade": 14,
    "count": 0,
    "name": "Hawaii Technology Academy PCS",
    "has_pre_k": false,
    "other_enroll": 0,
    "total_enrolled": 0,
    "allimmune": false,
    "under_19_months": 0,
    "over_19_months": 0,
    "total_prek": 0
  },
  "model": "register.facility",
  "pk": 281
},
{
  "fields": {
    "kinder_enroll": 0,
    "street": "94-1581 Kaulua Circle",
    "city": "Naalehu",
    "zip": 96772,
    "lowest_grade": 5,
    "compliant": false,
    "email": null,
    "fax": 8084980763,
    "is_only_pre_k": false,
    "seventh_grade_enroll": 0,
    "phone": 8084980761,
    "district": 4,
    "highest_grade": 8,
    "count": 0,
    "name": "Kau Learning Academy",
    "has_pre_k": false,
    "other_enroll": 0,
    "total_enrolled": 0,
    "allimmune": false,
    "under_19_months": 0,
    "over_19_months": 0,
    "total_prek": 0
  },
  "model": "register.facility",
  "pk": 282
},
{
  "fields": {
    "kinder_enroll": 0,
    "street": "300 Ohukai Road  #209",
    "city": "Kihei",
    "zip": 96753,
    "lowest_grade": 2,
    "compliant": false,
    "email": null,
    "fax": 8088746745,
    "is_only_pre_k": false,
    "seventh_grade_enroll": 0,
    "phone": 8088750700,
    "district": 8,
    "highest_grade": 14,
    "count": 0,
    "name": "Kihei Charter School",
    "has_pre_k": false,
    "other_enroll": 0,
    "total_enrolled": 0,
    "allimmune": false,
    "under_19_months": 0,
    "over_19_months": 0,
    "total_prek": 0
  },
  "model": "register.facility",
  "pk": 283
},
{
  "fields": {
    "kinder_enroll": 0,
    "street": "8135 Kekaha Road",
    "city": "Kekaha",
    "zip": 96752,
    "lowest_grade": 2,
    "compliant": false,
    "email": null,
    "fax": 8083371289,
    "is_only_pre_k": false,
    "seventh_grade_enroll": 0,
    "phone": 8083370481,
    "district": 6,
    "highest_grade": 14,
    "count": 0,
    "name": "Ke Kula Ni'ihau o Kekaha Learning Center A Laboratory PCS",
    "has_pre_k": false,
    "other_enroll": 0,
    "total_enrolled": 0,
    "allimmune": false,
    "under_19_months": 0,
    "over_19_months": 0,
    "total_prek": 0
  },
  "model": "register.facility",
  "pk": 284
},
{
  "fields": {
    "kinder_enroll": 0,
    "street": "14-5322 Kaimu/Kapoho Road - Hwy. 137  Mile Marker 10",
    "city": "Pahoa",
    "zip": 96778,
    "lowest_grade": 2,
    "compliant": false,
    "email": null,
    "fax": 8089659618,
    "is_only_pre_k": false,
    "seventh_grade_enroll": 0,
    "phone": 8089655098,
    "district": 4,
    "highest_grade": 14,
    "count": 0,
    "name": "Kua o ka La PCS",
    "has_pre_k": false,
    "other_enroll": 0,
    "total_enrolled": 0,
    "allimmune": false,
    "under_19_months": 0,
    "over_19_months": 0,
    "total_prek": 0
  },
  "model": "register.facility",
  "pk": 285
},
{
  "fields": {
    "kinder_enroll": 0,
    "street": "99-128 Old Volcano Road",
    "city": "Volcano",
    "zip": 96785,
    "lowest_grade": 2,
    "compliant": false,
    "email": null,
    "fax": 8089859898,
    "is_only_pre_k": false,
    "seventh_grade_enroll": 0,
    "phone": 8089859800,
    "district": 4,
    "highest_grade": 10,
    "count": 0,
    "name": "Volcano School of Arts and Sciences PCS",
    "has_pre_k": false,
    "other_enroll": 0,
    "total_enrolled": 0,
    "allimmune": false,
    "under_19_months": 0,
    "over_19_months": 0,
    "total_prek": 0
  },
  "model": "register.facility",
  "pk": 286
},
{
  "fields": {
    "kinder_enroll": 0,
    "street": "15-1397 Homestead Road",
    "city": "Pahoa",
    "zip": 96778,
    "lowest_grade": 2,
    "compliant": false,
    "email": null,
    "fax": 8089653733,
    "is_only_pre_k": false,
    "seventh_grade_enroll": 0,
    "phone": 8089653730,
    "district": 4,
    "highest_grade": 14,
    "count": 0,
    "name": "Hawaii Academy of Arts and Science PCS",
    "has_pre_k": false,
    "other_enroll": 0,
    "total_enrolled": 0,
    "allimmune": false,
    "under_19_months": 0,
    "over_19_months": 0,
    "total_prek": 0
  },
  "model": "register.facility",
  "pk": 287
},
{
  "fields": {
    "kinder_enroll": 0,
    "street": "16-120 Opukahaia Street  Suite 2",
    "city": "Keaau",
    "zip": 96749,
    "lowest_grade": 1,
    "compliant": false,
    "email": "",
    "fax": 8089667821,
    "is_only_pre_k": false,
    "seventh_grade_enroll": 0,
    "phone": 8089824260,
    "district": 4,
    "highest_grade": 10,
    "count": 0,
    "name": "Ke Kula 'o Nawahiokalani'opu'u Iki Laboratory PCS",
    "has_pre_k": true,
    "other_enroll": 0,
    "total_enrolled": 0,
    "allimmune": false,
    "under_19_months": 0,
    "over_19_months": 0,
    "total_prek": 0
  },
  "model": "register.facility",
  "pk": 288
},
{
  "fields": {
    "kinder_enroll": 0,
    "street": "4333 Kukuihale Road",
    "city": "Anahola",
    "zip": 96703,
    "lowest_grade": 2,
    "compliant": false,
    "email": null,
    "fax": 8088239140,
    "is_only_pre_k": false,
    "seventh_grade_enroll": 0,
    "phone": 8088239160,
    "district": 6,
    "highest_grade": 14,
    "count": 0,
    "name": "Kanuikapono Learning Center PCS",
    "has_pre_k": false,
    "other_enroll": 0,
    "total_enrolled": 0,
    "allimmune": false,
    "under_19_months": 0,
    "over_19_months": 0,
    "total_prek": 0
  },
  "model": "register.facility",
  "pk": 289
},
{
  "fields": {
    "kinder_enroll": 0,
    "street": "3-1821 J Kaumualii Hwy",
    "city": "Lihue",
    "zip": 96766,
    "lowest_grade": 2,
    "compliant": false,
    "email": null,
    "fax": 8082464835,
    "is_only_pre_k": false,
    "seventh_grade_enroll": 0,
    "phone": 8086322032,
    "district": 6,
    "highest_grade": 14,
    "count": 0,
    "name": "Kawaikini PCS",
    "has_pre_k": false,
    "other_enroll": 0,
    "total_enrolled": 0,
    "allimmune": false,
    "under_19_months": 0,
    "over_19_months": 0,
    "total_prek": 0
  },
  "model": "register.facility",
  "pk": 290
},
{
  "fields": {
    "kinder_enroll": 0,
    "street": "79-7595 Mamamlahoa Highway",
    "city": "Kealakekua",
    "zip": 96750,
    "lowest_grade": 2,
    "compliant": false,
    "email": null,
    "fax": 8083224906,
    "is_only_pre_k": false,
    "seventh_grade_enroll": 0,
    "phone": 8083224900,
    "district": 4,
    "highest_grade": 10,
    "count": 0,
    "name": "Kona Pacific PCS",
    "has_pre_k": false,
    "other_enroll": 0,
    "total_enrolled": 0,
    "allimmune": false,
    "under_19_months": 0,
    "over_19_months": 0,
    "total_prek": 0
  },
  "model": "register.facility",
  "pk": 291
},
{
  "fields": {
    "kinder_enroll": 0,
    "street": "845 22nd Ave.",
    "city": "Honolulu",
    "zip": 96816,
    "lowest_grade": 8,
    "compliant": false,
    "email": null,
    "fax": 0,
    "is_only_pre_k": false,
    "seventh_grade_enroll": 0,
    "phone": 8086773377,
    "district": 3,
    "highest_grade": 10,
    "count": 0,
    "name": "School for Examining Essential Questions of Sustainability",
    "has_pre_k": false,
    "other_enroll": 0,
    "total_enrolled": 0,
    "allimmune": false,
    "under_19_months": 0,
    "over_19_months": 0,
    "total_prek": 0
  },
  "model": "register.facility",
  "pk": 292
},
{
  "fields": {
    "name": "PreK"
  },
  "model": "register.enrollment",
  "pk": 1
},
{
  "fields": {
    "name": "K"
  },
  "model": "register.enrollment",
  "pk": 2
},
{
  "fields": {
    "name": "1"
  },
  "model": "register.enrollment",
  "pk": 3
},
{
  "fields": {
    "name": "2"
  },
  "model": "register.enrollment",
  "pk": 4
},
{
  "fields": {
    "name": "3"
  },
  "model": "register.enrollment",
  "pk": 5
},
{
  "fields": {
    "name": "4"
  },
  "model": "register.enrollment",
  "pk": 6
},
{
  "fields": {
    "name": "5"
  },
  "model": "register.enrollment",
  "pk": 7
},
{
  "fields": {
    "name": "6"
  },
  "model": "register.enrollment",
  "pk": 8
},
{
  "fields": {
    "name": "7"
  },
  "model": "register.enrollment",
  "pk": 9
},
{
  "fields": {
    "name": "8"
  },
  "model": "register.enrollment",
  "pk": 10
},
{
  "fields": {
    "name": "9"
  },
  "model": "register.enrollment",
  "pk": 11
},
{
  "fields": {
    "name": "10"
  },
  "model": "register.enrollment",
  "pk": 12
},
{
  "fields": {
    "name": "11"
  },
  "model": "register.enrollment",
  "pk": 13
},
{
  "fields": {
    "name": "12"
  },
  "model": "register.enrollment",
  "pk": 14
},
{
  "fields": {
    "facility": 4,
    "varicella2": false,
    "polio4": false,
    "exempt_rel": false,
    "exempt_med": false,
    "polio3": false,
    "polio2": false,
    "enrollment": 12,
    "lname": "McKnight",
    "dateofbirth": "1995-01-01",
    "entry_date": "2015-01-01",
    "fname": "Brian",
    "pe": false,
    "tb": false,
    "mname": "",
    "noshotrecord": false,
    "dtap4": false,
    "dtap5": false,
    "hib": false,
    "dtap1": false,
    "dtap2": false,
    "dtap3": false,
    "report": [
      31,
      32,
      33
    ],
    "varicella1": false,
    "uptodate": false,
    "mmr1": false,
    "notes": "One, you're like a dream come true",
    "mmr2": false,
    "hepb1": true,
    "hepb2": true,
    "hepb3": true,
    "polio1": false,
    "age": null
  },
  "model": "reportinput.student",
  "pk": 10004000036
},
{
  "fields": {
    "facility": 4,
    "varicella2": false,
    "polio4": false,
    "exempt_rel": false,
    "exempt_med": false,
    "polio3": false,
    "polio2": false,
    "enrollment": 12,
    "lname": "Edmonds",
    "dateofbirth": "1995-01-01",
    "entry_date": "2015-01-01",
    "fname": "Kenneth",
    "pe": false,
    "tb": false,
    "mname": "BabyFace",
    "noshotrecord": false,
    "dtap4": false,
    "dtap5": false,
    "hib": false,
    "dtap1": false,
    "dtap2": false,
    "dtap3": false,
    "report": [
      31,
      32,
      33
    ],
    "varicella1": false,
    "uptodate": false,
    "mmr1": true,
    "notes": "You're my reason for breathing",
    "mmr2": true,
    "hepb1": false,
    "hepb2": false,
    "hepb3": false,
    "polio1": false,
    "age": null
  },
  "model": "reportinput.student",
  "pk": 10004000037
},
{
  "fields": {
    "facility": 4,
    "varicella2": false,
    "polio4": false,
    "exempt_rel": false,
    "exempt_med": false,
    "polio3": false,
    "polio2": false,
    "enrollment": 12,
    "lname": "Campbell",
    "dateofbirth": "1995-01-01",
    "entry_date": "2015-01-01",
    "fname": "Tevin",
    "pe": false,
    "tb": false,
    "mname": "",
    "noshotrecord": false,
    "dtap4": false,
    "dtap5": false,
    "hib": false,
    "dtap1": false,
    "dtap2": false,
    "dtap3": false,
    "report": [
      31,
      32,
      33
    ],
    "varicella1": false,
    "uptodate": false,
    "mmr1": false,
    "notes": "Can we talk?",
    "mmr2": false,
    "hepb1": true,
    "hepb2": true,
    "hepb3": true,
    "polio1": false,
    "age": null
  },
  "model": "reportinput.student",
  "pk": 10004000038
},
{
  "fields": {
    "facility": 4,
    "varicella2": false,
    "polio4": false,
    "exempt_rel": false,
    "exempt_med": false,
    "polio3": false,
    "polio2": false,
    "enrollment": 12,
    "lname": "Houston",
    "dateofbirth": "1995-01-01",
    "entry_date": "2015-01-01",
    "fname": "Whitney",
    "pe": false,
    "tb": false,
    "mname": "",
    "noshotrecord": false,
    "dtap4": false,
    "dtap5": false,
    "hib": false,
    "dtap1": false,
    "dtap2": false,
    "dtap3": false,
    "report": [
      31,
      32,
      33
    ],
    "varicella1": false,
    "uptodate": false,
    "mmr1": false,
    "notes": "And I, will always love you",
    "mmr2": false,
    "hepb1": false,
    "hepb2": false,
    "hepb3": false,
    "polio1": false,
    "age": null
  },
  "model": "reportinput.student",
  "pk": 10004000039
},
{
  "fields": {
    "facility": 4,
    "varicella2": false,
    "polio4": false,
    "exempt_rel": false,
    "exempt_med": false,
    "polio3": false,
    "polio2": false,
    "enrollment": 12,
    "lname": "Men",
    "dateofbirth": "1995-01-01",
    "entry_date": "2015-01-01",
    "fname": "Boyz",
    "pe": false,
    "tb": false,
    "mname": "2",
    "noshotrecord": false,
    "dtap4": false,
    "dtap5": false,
    "hib": false,
    "dtap1": false,
    "dtap2": false,
    "dtap3": false,
    "report": [
      31,
      32,
      33
    ],
    "varicella1": false,
    "uptodate": false,
    "mmr1": false,
    "notes": "One Sweet Day",
    "mmr2": false,
    "hepb1": false,
    "hepb2": false,
    "hepb3": false,
    "polio1": false,
    "age": null
  },
  "model": "reportinput.student",
  "pk": 10004000040
},
{
  "fields": {
    "facility": 4,
    "varicella2": false,
    "polio4": true,
    "exempt_rel": false,
    "exempt_med": false,
    "polio3": true,
    "polio2": true,
    "enrollment": 14,
    "lname": "Raymond",
    "dateofbirth": "1995-01-01",
    "entry_date": "2015-01-01",
    "fname": "Usher",
    "pe": false,
    "tb": false,
    "mname": "",
    "noshotrecord": false,
    "dtap4": false,
    "dtap5": false,
    "hib": false,
    "dtap1": false,
    "dtap2": false,
    "dtap3": false,
    "report": [
      32,
      33
    ],
    "varicella1": false,
    "uptodate": false,
    "mmr1": false,
    "notes": "You got it bad",
    "mmr2": false,
    "hepb1": false,
    "hepb2": false,
    "hepb3": false,
    "polio1": true,
    "age": null
  },
  "model": "reportinput.student",
  "pk": 10004000041
},
{
  "fields": {
    "facility": 4,
    "varicella2": false,
    "polio4": false,
    "exempt_rel": false,
    "exempt_med": false,
    "polio3": false,
    "polio2": false,
    "enrollment": 11,
    "lname": "Input",
    "dateofbirth": "1995-01-01",
    "entry_date": "2015-01-01",
    "fname": "Test",
    "pe": false,
    "tb": false,
    "mname": "",
    "noshotrecord": false,
    "dtap4": false,
    "dtap5": false,
    "hib": false,
    "dtap1": false,
    "dtap2": false,
    "dtap3": false,
    "report": [
      33
    ],
    "varicella1": false,
    "uptodate": false,
    "mmr1": false,
    "notes": "",
    "mmr2": false,
    "hepb1": true,
    "hepb2": true,
    "hepb3": true,
    "polio1": false,
    "age": null
  },
  "model": "reportinput.student",
  "pk": 10004000044
},
{
  "fields": {
    "person": 11,
    "entrydate": "2015-12-04",
    "complete": true,
    "facility": 4
  },
  "model": "reportinput.report",
  "pk": 31
},
{
  "fields": {
    "person": 11,
    "entrydate": "2015-12-04",
    "complete": true,
    "facility": 4
  },
  "model": "reportinput.report",
  "pk": 32
},
{
  "fields": {
    "person": 11,
    "entrydate": "2015-12-04",
    "complete": false,
    "facility": 4
  },
  "model": "reportinput.report",
  "pk": 33
},
{
  "fields": {
    "statustype": "Open"
  },
  "model": "support.status",
  "pk": 1
},
{
  "fields": {
    "statustype": "Being Worked On"
  },
  "model": "support.status",
  "pk": 2
},
{
  "fields": {
    "statustype": "Closed"
  },
  "model": "support.status",
  "pk": 3
},
{
  "fields": {
    "status": 3,
    "person": 11,
    "opendate": "2015-11-30",
    "description": "Hey my stuff no work",
    "closedate": null
  },
  "model": "support.supportrequest",
  "pk": 10
},
{
  "fields": {
    "status": 3,
    "person": 11,
    "opendate": "2015-11-30",
    "description": "Ok this one",
    "closedate": null
  },
  "model": "support.supportrequest",
  "pk": 11
},
{
  "fields": {
    "codename": "add_logentry",
    "name": "Can add log entry",
    "content_type": 1
  },
  "model": "auth.permission",
  "pk": 1
},
{
  "fields": {
    "codename": "change_logentry",
    "name": "Can change log entry",
    "content_type": 1
  },
  "model": "auth.permission",
  "pk": 2
},
{
  "fields": {
    "codename": "delete_logentry",
    "name": "Can delete log entry",
    "content_type": 1
  },
  "model": "auth.permission",
  "pk": 3
},
{
  "fields": {
    "codename": "add_permission",
    "name": "Can add permission",
    "content_type": 2
  },
  "model": "auth.permission",
  "pk": 4
},
{
  "fields": {
    "codename": "change_permission",
    "name": "Can change permission",
    "content_type": 2
  },
  "model": "auth.permission",
  "pk": 5
},
{
  "fields": {
    "codename": "delete_permission",
    "name": "Can delete permission",
    "content_type": 2
  },
  "model": "auth.permission",
  "pk": 6
},
{
  "fields": {
    "codename": "add_group",
    "name": "Can add group",
    "content_type": 3
  },
  "model": "auth.permission",
  "pk": 7
},
{
  "fields": {
    "codename": "change_group",
    "name": "Can change group",
    "content_type": 3
  },
  "model": "auth.permission",
  "pk": 8
},
{
  "fields": {
    "codename": "delete_group",
    "name": "Can delete group",
    "content_type": 3
  },
  "model": "auth.permission",
  "pk": 9
},
{
  "fields": {
    "codename": "add_user",
    "name": "Can add user",
    "content_type": 4
  },
  "model": "auth.permission",
  "pk": 10
},
{
  "fields": {
    "codename": "change_user",
    "name": "Can change user",
    "content_type": 4
  },
  "model": "auth.permission",
  "pk": 11
},
{
  "fields": {
    "codename": "delete_user",
    "name": "Can delete user",
    "content_type": 4
  },
  "model": "auth.permission",
  "pk": 12
},
{
  "fields": {
    "codename": "add_contenttype",
    "name": "Can add content type",
    "content_type": 5
  },
  "model": "auth.permission",
  "pk": 13
},
{
  "fields": {
    "codename": "change_contenttype",
    "name": "Can change content type",
    "content_type": 5
  },
  "model": "auth.permission",
  "pk": 14
},
{
  "fields": {
    "codename": "delete_contenttype",
    "name": "Can delete content type",
    "content_type": 5
  },
  "model": "auth.permission",
  "pk": 15
},
{
  "fields": {
    "codename": "add_session",
    "name": "Can add session",
    "content_type": 6
  },
  "model": "auth.permission",
  "pk": 16
},
{
  "fields": {
    "codename": "change_session",
    "name": "Can change session",
    "content_type": 6
  },
  "model": "auth.permission",
  "pk": 17
},
{
  "fields": {
    "codename": "delete_session",
    "name": "Can delete session",
    "content_type": 6
  },
  "model": "auth.permission",
  "pk": 18
},
{
  "fields": {
    "codename": "add_category",
    "name": "Can add category",
    "content_type": 7
  },
  "model": "auth.permission",
  "pk": 19
},
{
  "fields": {
    "codename": "change_category",
    "name": "Can change category",
    "content_type": 7
  },
  "model": "auth.permission",
  "pk": 20
},
{
  "fields": {
    "codename": "delete_category",
    "name": "Can delete category",
    "content_type": 7
  },
  "model": "auth.permission",
  "pk": 21
},
{
  "fields": {
    "codename": "add_faq",
    "name": "Can add faq",
    "content_type": 8
  },
  "model": "auth.permission",
  "pk": 22
},
{
  "fields": {
    "codename": "change_faq",
    "name": "Can change faq",
    "content_type": 8
  },
  "model": "auth.permission",
  "pk": 23
},
{
  "fields": {
    "codename": "delete_faq",
    "name": "Can delete faq",
    "content_type": 8
  },
  "model": "auth.permission",
  "pk": 24
},
{
  "fields": {
    "codename": "add_district",
    "name": "Can add district",
    "content_type": 9
  },
  "model": "auth.permission",
  "pk": 25
},
{
  "fields": {
    "codename": "change_district",
    "name": "Can change district",
    "content_type": 9
  },
  "model": "auth.permission",
  "pk": 26
},
{
  "fields": {
    "codename": "delete_district",
    "name": "Can delete district",
    "content_type": 9
  },
  "model": "auth.permission",
  "pk": 27
},
{
  "fields": {
    "codename": "add_island",
    "name": "Can add island",
    "content_type": 10
  },
  "model": "auth.permission",
  "pk": 28
},
{
  "fields": {
    "codename": "change_island",
    "name": "Can change island",
    "content_type": 10
  },
  "model": "auth.permission",
  "pk": 29
},
{
  "fields": {
    "codename": "delete_island",
    "name": "Can delete island",
    "content_type": 10
  },
  "model": "auth.permission",
  "pk": 30
},
{
  "fields": {
    "codename": "add_person",
    "name": "Can add person",
    "content_type": 11
  },
  "model": "auth.permission",
  "pk": 31
},
{
  "fields": {
    "codename": "change_person",
    "name": "Can change person",
    "content_type": 11
  },
  "model": "auth.permission",
  "pk": 32
},
{
  "fields": {
    "codename": "delete_person",
    "name": "Can delete person",
    "content_type": 11
  },
  "model": "auth.permission",
  "pk": 33
},
{
  "fields": {
    "codename": "add_user",
    "name": "Can add user",
    "content_type": 12
  },
  "model": "auth.permission",
  "pk": 34
},
{
  "fields": {
    "codename": "change_user",
    "name": "Can change user",
    "content_type": 12
  },
  "model": "auth.permission",
  "pk": 35
},
{
  "fields": {
    "codename": "delete_user",
    "name": "Can delete user",
    "content_type": 12
  },
  "model": "auth.permission",
  "pk": 36
},
{
  "fields": {
    "codename": "add_role",
    "name": "Can add role",
    "content_type": 13
  },
  "model": "auth.permission",
  "pk": 37
},
{
  "fields": {
    "codename": "change_role",
    "name": "Can change role",
    "content_type": 13
  },
  "model": "auth.permission",
  "pk": 38
},
{
  "fields": {
    "codename": "delete_role",
    "name": "Can delete role",
    "content_type": 13
  },
  "model": "auth.permission",
  "pk": 39
},
{
  "fields": {
    "codename": "add_facility",
    "name": "Can add facility",
    "content_type": 14
  },
  "model": "auth.permission",
  "pk": 40
},
{
  "fields": {
    "codename": "change_facility",
    "name": "Can change facility",
    "content_type": 14
  },
  "model": "auth.permission",
  "pk": 41
},
{
  "fields": {
    "codename": "delete_facility",
    "name": "Can delete facility",
    "content_type": 14
  },
  "model": "auth.permission",
  "pk": 42
},
{
  "fields": {
    "codename": "add_enrollment",
    "name": "Can add enrollment",
    "content_type": 15
  },
  "model": "auth.permission",
  "pk": 43
},
{
  "fields": {
    "codename": "change_enrollment",
    "name": "Can change enrollment",
    "content_type": 15
  },
  "model": "auth.permission",
  "pk": 44
},
{
  "fields": {
    "codename": "delete_enrollment",
    "name": "Can delete enrollment",
    "content_type": 15
  },
  "model": "auth.permission",
  "pk": 45
},
{
  "fields": {
    "codename": "add_student",
    "name": "Can add student",
    "content_type": 16
  },
  "model": "auth.permission",
  "pk": 46
},
{
  "fields": {
    "codename": "change_student",
    "name": "Can change student",
    "content_type": 16
  },
  "model": "auth.permission",
  "pk": 47
},
{
  "fields": {
    "codename": "delete_student",
    "name": "Can delete student",
    "content_type": 16
  },
  "model": "auth.permission",
  "pk": 48
},
{
  "fields": {
    "codename": "add_report",
    "name": "Can add report",
    "content_type": 17
  },
  "model": "auth.permission",
  "pk": 49
},
{
  "fields": {
    "codename": "change_report",
    "name": "Can change report",
    "content_type": 17
  },
  "model": "auth.permission",
  "pk": 50
},
{
  "fields": {
    "codename": "delete_report",
    "name": "Can delete report",
    "content_type": 17
  },
  "model": "auth.permission",
  "pk": 51
},
{
  "fields": {
    "codename": "add_status",
    "name": "Can add status",
    "content_type": 18
  },
  "model": "auth.permission",
  "pk": 52
},
{
  "fields": {
    "codename": "change_status",
    "name": "Can change status",
    "content_type": 18
  },
  "model": "auth.permission",
  "pk": 53
},
{
  "fields": {
    "codename": "delete_status",
    "name": "Can delete status",
    "content_type": 18
  },
  "model": "auth.permission",
  "pk": 54
},
{
  "fields": {
    "codename": "add_supportrequest",
    "name": "Can add supportrequest",
    "content_type": 19
  },
  "model": "auth.permission",
  "pk": 55
},
{
  "fields": {
    "codename": "change_supportrequest",
    "name": "Can change supportrequest",
    "content_type": 19
  },
  "model": "auth.permission",
  "pk": 56
},
{
  "fields": {
    "codename": "delete_supportrequest",
    "name": "Can delete supportrequest",
    "content_type": 19
  },
  "model": "auth.permission",
  "pk": 57
},
{
  "fields": {
    "username": "testprin@test.com",
    "first_name": "Test",
    "last_name": "Principal",
    "is_active": true,
    "is_superuser": false,
    "is_staff": false,
    "last_login": "2015-12-04T10:25:29.023Z",
    "groups": [],
    "user_permissions": [],
    "password": "pbkdf2_sha256$20000$LojkdpP4sMwi$AKZNo4106EUY/7eATFev3kyFx10bMnZXI2tvQ5n/tLQ=",
    "email": "",
    "date_joined": "2015-12-01T03:57:11.554Z"
  },
  "model": "auth.user",
  "pk": 11
},
{
  "fields": {
    "username": "aiea.admin@test.com",
    "first_name": "Aiea",
    "last_name": "Admin",
    "is_active": true,
    "is_superuser": false,
    "is_staff": false,
    "last_login": null,
    "groups": [],
    "user_permissions": [],
    "password": "pbkdf2_sha256$20000$U7WxTq1yXed2$nlB5abxB3gyKDGBmyhevSm/Ualc7qJVs1QspVxt3erM=",
    "email": "",
    "date_joined": "2015-12-02T00:00:28.275Z"
  },
  "model": "auth.user",
  "pk": 12
},
{
  "fields": {
    "username": "aiea.user@test.com",
    "first_name": "Aiea",
    "last_name": "User",
    "is_active": true,
    "is_superuser": false,
    "is_staff": false,
    "last_login": null,
    "groups": [],
    "user_permissions": [],
    "password": "pbkdf2_sha256$20000$NHyp7GEmnUn3$/SvMJOJG1l4iEPjn7vlDWZm9w8q+5scVsmf4luNpXOA=",
    "email": "",
    "date_joined": "2015-12-02T00:00:58.160Z"
  },
  "model": "auth.user",
  "pk": 13
},
{
  "fields": {
    "username": "leilehua.admin@test.com",
    "first_name": "Leilehua",
    "last_name": "Mules",
    "is_active": true,
    "is_superuser": false,
    "is_staff": false,
    "last_login": "2015-12-03T02:39:05.646Z",
    "groups": [],
    "user_permissions": [],
    "password": "pbkdf2_sha256$20000$kfma5dzZkO8U$Ui/PQKcXZwq3uGWUCe4cbzU+Voq1gobAoLUUzlLUbgQ=",
    "email": "",
    "date_joined": "2015-12-02T00:04:15.784Z"
  },
  "model": "auth.user",
  "pk": 14
},
{
  "fields": {
    "username": "testpw@test.com",
    "first_name": "This",
    "last_name": "Work",
    "is_active": true,
    "is_superuser": false,
    "is_staff": false,
    "last_login": null,
    "groups": [],
    "user_permissions": [],
    "password": "pbkdf2_sha256$20000$QdcQOXCmiEuc$3HeVYA2MInZq34XGtuR/n8O5R+4fvavlhUZ49is9hSU=",
    "email": "",
    "date_joined": "2015-12-03T02:29:02.981Z"
  },
  "model": "auth.user",
  "pk": 15
},
{
  "fields": {
    "username": "dohadmin@test.com",
    "first_name": "Test",
    "last_name": "Admin",
    "is_active": true,
    "is_superuser": false,
    "is_staff": false,
    "last_login": "2015-12-05T12:23:28.073Z",
    "groups": [],
    "user_permissions": [],
    "password": "pbkdf2_sha256$20000$6ORRVyPOaDNT$Uz1gbPPf6Md3WDORANxdsAyuFfA0Ix6Aiqv60LOMevQ=",
    "email": "",
    "date_joined": "2015-12-05T09:49:06.752Z"
  },
  "model": "auth.user",
  "pk": 16
}
]
